_fivetran_id,form_id,logic_fivetran_id,action,detail_to_type,detail_to_value,detail_target_type,detail_target_value,detail_value_type,detail_value_value,_fivetran_synced,_fivetran_start,_fivetran_end,_fivetran_active
G0/+J6sfV7INwReSAfXFt18IMsA=,Wez0q1nI,qwuntNMaVw0JXRT0Qzo/zQHtfkU=,jump,field,9c344e9c-0482-4291-abbf-7b7b09105ac0,,,,,2023-05-09 15:58:12.285000+00:00,2023-03-30 19:05:43.137000+00:00,9999-12-31 23:59:59.999000+00:00,True
SZWI68J5wlTdq2ptCaWmLcjab9s=,vgBnsZ5t,G41p6sojY7AivwaO3K3vp2AH6oY=,jump,outcome,winning_outcome_id,,,,,2023-05-09 15:57:40.261000+00:00,2021-04-13 19:03:18.853000+00:00,9999-12-31 23:59:59.999000+00:00,True
mmcWCZuCSTA2VlZ4xEIlbdV133U=,CBJ5YM86,SlRESWarojHFelOnWUhMYVC58Ts=,jump,field,3ab0337a-c02e-45d4-bfe6-5f4ce11e2b24,,,,,2023-05-09 15:55:41.469000+00:00,2023-01-06 17:09:18.282000+00:00,9999-12-31 23:59:59.999000+00:00,True
OjcdTu+Kx/Dbg9nkiKVDBJAxoho=,v5fs4MLL,P6pLRUCIMZjLjrczSQYRlAUFE78=,jump,field,eb605cf2-751e-4456-92f2-b9bc8cc67076,,,,,2023-05-09 15:55:43.808000+00:00,2022-12-09 22:00:17.983000+00:00,9999-12-31 23:59:59.999000+00:00,True
REks9sXiHg/TtVSSJ3j4ReVDqyg=,fVpJAWb6,+AM401Pyff3w7d0FFfc5Rz3nsoc=,jump,field,9d9e68c9-1ae4-4f29-b7ae-90a93409c14f,,,,,2023-05-09 15:55:47.255000+00:00,2022-11-15 16:44:11.724000+00:00,9999-12-31 23:59:59.999000+00:00,True
WyIWeNhBkWaBRIx/ixe35A/7qNU=,LzAPLKMT,JWutyG/nzryA9dgLs8ITIgIvey8=,jump,field,38124a8d-1528-45e7-9b66-e7754a634aef,,,,,2023-05-09 15:56:38.338000+00:00,2022-03-08 01:20:51.009000+00:00,9999-12-31 23:59:59.999000+00:00,True
REks9sXiHg/TtVSSJ3j4ReVDqyg=,fVpJAWb6,7Qw7rY/qxocYy/pE+0ZefrpX8EA=,jump,field,9d9e68c9-1ae4-4f29-b7ae-90a93409c14f,,,,,2023-05-09 15:55:47.254000+00:00,2022-11-15 16:44:11.724000+00:00,9999-12-31 23:59:59.999000+00:00,True
WyIWeNhBkWaBRIx/ixe35A/7qNU=,gmvhyLfk,JWutyG/nzryA9dgLs8ITIgIvey8=,jump,field,38124a8d-1528-45e7-9b66-e7754a634aef,,,,,2023-05-09 15:56:41.849000+00:00,2022-03-06 03:43:59.512000+00:00,9999-12-31 23:59:59.999000+00:00,True
1agBbJpjzLOl0SDNy6MNy8Iq5cE=,CboEYzb7,BhFZtdTeg7Ymsy8DQowAQ6ccCMU=,jump,field,99f4715f-074a-4285-857d-f5e584cd87b4,,,,,2023-05-09 15:56:37.937000+00:00,2022-03-09 13:49:27.109000+00:00,9999-12-31 23:59:59.999000+00:00,True
WKMzg5hoixuQyUSpM5dTLFbNszs=,UKxdVnQv,D0F8TAlPXmbctO0oLNyK5yOdaaQ=,jump,thankyou,d297c027-dbc4-4af5-a992-5bf971f9d3b9,,,,,2023-05-09 15:55:59.811000+00:00,2022-07-12 19:11:56.721000+00:00,9999-12-31 23:59:59.999000+00:00,True
Vy7fGQAt3L2Lct+TranIdglNklY=,xs0tZs,j7b+WeMoU2qd7EX/b1OD8RkHa6o=,jump,field,12ce2185-23b6-4e41-b99e-f94432064610,,,,,2023-05-09 15:58:14.011000+00:00,2021-08-30 21:27:09.654000+00:00,9999-12-31 23:59:59.999000+00:00,True
gjQhRwm1EtkOKQTBwE+IM4tYzMk=,v5fs4MLL,P6pLRUCIMZjLjrczSQYRlAUFE78=,jump,thankyou,9c702905-fd28-4fc0-a35c-214362a9918b,,,,,2023-05-09 15:55:43.811000+00:00,2022-12-09 22:00:17.983000+00:00,9999-12-31 23:59:59.999000+00:00,True
savVNZjOcTx2m8kgYXyKmv+hRFU=,e7hRQtSH,KP+QmgKNYV/cW0ju3Pzq1dDFo90=,jump,field,50d757dc-a47e-47d1-a2d9-e06c938eefda,,,,,2023-05-09 15:55:47.569000+00:00,2023-03-02 21:15:53.713000+00:00,9999-12-31 23:59:59.999000+00:00,True
DdhVFrtH9D8G+5W1/yxLlWy4HV0=,Wez0q1nI,qwuntNMaVw0JXRT0Qzo/zQHtfkU=,jump,field,6c9d3973-183f-46ac-b72d-ef1203317912,,,,,2023-05-09 15:58:12.283000+00:00,2023-03-30 19:05:43.137000+00:00,9999-12-31 23:59:59.999000+00:00,True
REks9sXiHg/TtVSSJ3j4ReVDqyg=,fVpJAWb6,P6pLRUCIMZjLjrczSQYRlAUFE78=,jump,field,9d9e68c9-1ae4-4f29-b7ae-90a93409c14f,,,,,2023-05-09 15:55:47.255000+00:00,2022-11-15 16:44:11.724000+00:00,9999-12-31 23:59:59.999000+00:00,True
mmcWCZuCSTA2VlZ4xEIlbdV133U=,CBJ5YM86,4N024un5I9yUyIYLJfWuKpPgKJo=,jump,field,3ab0337a-c02e-45d4-bfe6-5f4ce11e2b24,,,,,2023-05-09 15:55:41.475000+00:00,2023-01-06 17:09:18.282000+00:00,9999-12-31 23:59:59.999000+00:00,True
rgSzoeGMe9SauFf4mHPbLimsbNc=,mP8GzNoV,owHzMJa2dLFkO9vHURy6acwkomg=,jump,field,33ffc335-0418-4f91-b8fd-8afdb41e282c,,,,,2023-05-09 15:56:24.093000+00:00,2023-02-27 20:42:44.975000+00:00,9999-12-31 23:59:59.999000+00:00,True
Tin2HK24zLOO+RB9ER20j7uFaHY=,rqXardP6,0RTMXoGKutBuGDbMakNLbaKfhL4=,jump,thankyou,acacba13-de0a-4d5a-acd5-18bc8d1334cf,,,,,2023-05-09 15:56:44.539000+00:00,2021-10-22 15:22:47.443000+00:00,9999-12-31 23:59:59.999000+00:00,True
k3IZ51TvHP8aty3tcOioS6lD5Go=,F8jt6tYB,psghpBOtd7g1QM4xuuKHsGz3VDg=,jump,field,1c0e0064-dadf-4a01-990a-7f5949a9c223,,,,,2023-05-09 15:57:59.399000+00:00,2021-09-29 16:48:40.646000+00:00,9999-12-31 23:59:59.999000+00:00,True
hyYbfdORQsakpwwAhoPG5Im6icU=,UKxdVnQv,f5iUWcwc1X0NovU2TZ6VMopQ3XQ=,jump,thankyou,71566335-29c8-4897-9bcf-542156cae5bd,,,,,2023-05-09 15:55:59.806000+00:00,2022-07-12 19:11:56.721000+00:00,9999-12-31 23:59:59.999000+00:00,True
C0rQvlLQgvzE5wUJC4ahJP+Onn8=,vgBnsZ5t,g1ppNpygebiClFM1rer5CrL/Xtc=,add,,,variable,counter_a9f6da91_8607_4695_b938_c096df90d5ef,constant,1,2023-05-09 15:57:40.275000+00:00,2021-04-13 19:03:18.853000+00:00,9999-12-31 23:59:59.999000+00:00,True
WyIWeNhBkWaBRIx/ixe35A/7qNU=,tfFJLomK,JWutyG/nzryA9dgLs8ITIgIvey8=,jump,field,38124a8d-1528-45e7-9b66-e7754a634aef,,,,,2023-05-09 15:56:12.392000+00:00,2022-06-24 15:24:46.550000+00:00,9999-12-31 23:59:59.999000+00:00,True
JQzVsy8wLfXFO4NYKRi0VYSDve4=,e7hRQtSH,KP+QmgKNYV/cW0ju3Pzq1dDFo90=,jump,field,e12f01c5-d89a-43f6-b638-3165616b93da,,,,,2023-05-09 15:55:47.567000+00:00,2023-03-02 21:15:53.713000+00:00,9999-12-31 23:59:59.999000+00:00,True
C0rQvlLQgvzE5wUJC4ahJP+Onn8=,vgBnsZ5t,TMWr1AaIEQNhf3OKJYRkt2JdyRU=,add,,,variable,counter_a9f6da91_8607_4695_b938_c096df90d5ef,constant,1,2023-05-09 15:57:40.267000+00:00,2021-04-13 19:03:18.853000+00:00,9999-12-31 23:59:59.999000+00:00,True
oiZbbiMpzuPXlG90S9f8rWgDWeo=,v5fs4MLL,a788B6HZ58BMLN8+o6Kj/FxhhZ0=,jump,thankyou,5a3eb2e3-015b-473c-b9f3-d464a3361cbc,,,,,2023-05-09 15:55:43.805000+00:00,2022-12-09 22:00:17.983000+00:00,9999-12-31 23:59:59.999000+00:00,True
I+uIxKxuVwxh7oC/6kd8434MERY=,UKxdVnQv,eg6otJEFcjeeOaqHWnypyGiANPo=,jump,field,96e8ca27-178b-431d-b1a7-c2901dd0ae29,,,,,2023-05-09 15:55:59.802000+00:00,2022-07-12 19:11:56.721000+00:00,9999-12-31 23:59:59.999000+00:00,True
mmcWCZuCSTA2VlZ4xEIlbdV133U=,CBJ5YM86,NHOum4Na+OssrFAKR2jZxArfQlE=,jump,field,3ab0337a-c02e-45d4-bfe6-5f4ce11e2b24,,,,,2023-05-09 15:55:41.473000+00:00,2023-01-06 17:09:18.282000+00:00,9999-12-31 23:59:59.999000+00:00,True
WyIWeNhBkWaBRIx/ixe35A/7qNU=,Jr3UXdoc,JWutyG/nzryA9dgLs8ITIgIvey8=,jump,field,38124a8d-1528-45e7-9b66-e7754a634aef,,,,,2023-05-09 15:55:59.076000+00:00,2022-11-01 19:12:29.276000+00:00,9999-12-31 23:59:59.999000+00:00,True
I+uIxKxuVwxh7oC/6kd8434MERY=,UKxdVnQv,f5iUWcwc1X0NovU2TZ6VMopQ3XQ=,jump,field,96e8ca27-178b-431d-b1a7-c2901dd0ae29,,,,,2023-05-09 15:55:59.805000+00:00,2022-07-12 19:11:56.721000+00:00,9999-12-31 23:59:59.999000+00:00,True
N/sIOzvxQN0PE1CE+9zII3FBlBg=,xs0tZs,XgMiCA0wP40FKDPjD9/Z3zdT0ds=,jump,field,ab85ad46-1e54-4266-a1f8-e6daf5cf1ce5,,,,,2023-05-09 15:58:14.010000+00:00,2021-08-30 21:27:09.654000+00:00,9999-12-31 23:59:59.999000+00:00,True
hyYbfdORQsakpwwAhoPG5Im6icU=,UKxdVnQv,7y+ja4TX59bKGbSvjPN9cYgMUFE=,jump,thankyou,71566335-29c8-4897-9bcf-542156cae5bd,,,,,2023-05-09 15:55:59.810000+00:00,2022-07-12 19:11:56.721000+00:00,9999-12-31 23:59:59.999000+00:00,True
REks9sXiHg/TtVSSJ3j4ReVDqyg=,fVpJAWb6,O4x+CjL/0o7df0W5WKXdddWl3vM=,jump,field,9d9e68c9-1ae4-4f29-b7ae-90a93409c14f,,,,,2023-05-09 15:55:47.254000+00:00,2022-11-15 16:44:11.724000+00:00,9999-12-31 23:59:59.999000+00:00,True
NkC5rekiC8qeGWjDxG4tmy53Il4=,XsezE0qD,HpDkkjNX6HiComqnm4sx4PgbTq4=,jump,field,9d81e92f-b943-4690-bde4-7defb93070fd,,,,,2023-05-09 15:56:18.383000+00:00,2022-06-15 17:07:46.599000+00:00,9999-12-31 23:59:59.999000+00:00,True
WyIWeNhBkWaBRIx/ixe35A/7qNU=,dXOhQhOt,JWutyG/nzryA9dgLs8ITIgIvey8=,jump,field,38124a8d-1528-45e7-9b66-e7754a634aef,,,,,2023-05-09 15:56:47.014000+00:00,2021-10-27 15:36:50.842000+00:00,9999-12-31 23:59:59.999000+00:00,True
M9UqUsRCmadhLiVFCS7ZlDbU8Vo=,v5fs4MLL,O4x+CjL/0o7df0W5WKXdddWl3vM=,jump,thankyou,01F6Q3NT103RY4V4R92VXW6Y2B,,,,,2023-05-09 15:55:43.792000+00:00,2022-12-09 22:00:17.983000+00:00,9999-12-31 23:59:59.999000+00:00,True
SZWI68J5wlTdq2ptCaWmLcjab9s=,vgBnsZ5t,n+XBezLYPFQ93/DMmbGmGuZx8dY=,jump,outcome,winning_outcome_id,,,,,2023-05-09 15:57:40.259000+00:00,2021-04-13 19:03:18.853000+00:00,9999-12-31 23:59:59.999000+00:00,True
eS8o0d/KtJWG13Alh1ZuCb6ndUg=,PibwM1Mb,UmLSYJMV3RHLLDeIlhBT1k7cQ+8=,jump,field,f7382265-439a-4f34-a6f7-1d52cdf0fbdc,,,,,2023-05-09 15:57:35.812000+00:00,2021-05-20 02:50:50.154000+00:00,9999-12-31 23:59:59.999000+00:00,True
CsgqjajDZpdAdoncRiJjxdEAhCo=,MKXagAlh,52jV6OK73emSI0Bq9ar/7hV+taI=,jump,field,4fee5b85-b6d4-441d-84ab-ed7958110188,,,,,2023-05-09 15:57:28.732000+00:00,2021-07-22 14:55:18.641000+00:00,9999-12-31 23:59:59.999000+00:00,True
WKMzg5hoixuQyUSpM5dTLFbNszs=,UKxdVnQv,7y+ja4TX59bKGbSvjPN9cYgMUFE=,jump,thankyou,d297c027-dbc4-4af5-a992-5bf971f9d3b9,,,,,2023-05-09 15:55:59.809000+00:00,2022-07-12 19:11:56.721000+00:00,9999-12-31 23:59:59.999000+00:00,True
3b92PWqPCybAUbDc0EMN7vs5E/8=,vgBnsZ5t,n+XBezLYPFQ93/DMmbGmGuZx8dY=,jump,field,24b514e5-b227-4350-a8c6-456e48f8f2b3,,,,,2023-05-09 15:57:40.258000+00:00,2021-04-13 19:03:18.853000+00:00,9999-12-31 23:59:59.999000+00:00,True
Kh3+Peo7XAD/kRqGAdFInEbPohQ=,wzxbYq72,Z8f1QanPW5HuV9eCDiLuujfglx8=,jump,field,cb4a3b1b-ef7e-4bc8-8e6c-e88153a03693,,,,,2023-05-09 15:56:45.097000+00:00,2021-11-08 18:00:33.616000+00:00,9999-12-31 23:59:59.999000+00:00,True
AA2ZuhIoCGVVrdsoQb6U637zBrs=,UKxdVnQv,BCCOSb3ynaPt/F5Q/yKf4IxTyTk=,jump,field,a48ac4ac-5609-4dd2-8144-2dfcd6edc0ed,,,,,2023-05-09 15:55:59.812000+00:00,2022-07-12 19:11:56.721000+00:00,9999-12-31 23:59:59.999000+00:00,True
8HrfRjGXN/rA15RiNfoRSa5vz1o=,Wez0q1nI,bxavJ/OIXkHySOAk7NUoAtRVk7E=,jump,field,9ec3d7d3ca590bc8,,,,,2023-05-09 15:58:12.286000+00:00,2023-03-30 19:05:43.137000+00:00,9999-12-31 23:59:59.999000+00:00,True
YG35WdxoBPNRCxfpw1FI8JxHVO8=,wzxbYq72,ypq8DMpjCmPwWtKImK9Y3II/bJk=,jump,field,66ebb451-1c06-4e69-99b9-bc8f67ebee33,,,,,2023-05-09 15:56:45.099000+00:00,2021-11-08 18:00:33.616000+00:00,9999-12-31 23:59:59.999000+00:00,True
EM5x0SKlybSfYtSewe1C4XEagj4=,mP8GzNoV,owHzMJa2dLFkO9vHURy6acwkomg=,jump,field,01FE4GR32ZGXPCHPKXNM6GZNW1,,,,,2023-05-09 15:56:24.092000+00:00,2023-02-27 20:42:44.975000+00:00,9999-12-31 23:59:59.999000+00:00,True
AA2ZuhIoCGVVrdsoQb6U637zBrs=,UKxdVnQv,r+z0Zut6VRnbDLtMJOwlUF9jma4=,jump,field,a48ac4ac-5609-4dd2-8144-2dfcd6edc0ed,,,,,2023-05-09 15:55:59.812000+00:00,2022-07-12 19:11:56.721000+00:00,9999-12-31 23:59:59.999000+00:00,True
HNiISzmpUpqNa22TcinqLTi5vgg=,wzxbYq72,mKlKJnR76IN84dwDArr20A2R35U=,jump,field,549953f8-ba2d-47d2-892a-cd4d02b9bb31,,,,,2023-05-09 15:56:45.098000+00:00,2021-11-08 18:00:33.616000+00:00,9999-12-31 23:59:59.999000+00:00,True
W71yPG3j2YC/3ZI6Mc6VNhVs7+E=,Xq3iQG7A,3gKSBi1fqWwH23g8xI3NR1/jLtA=,add,,,variable,price,constant,20,2023-05-09 15:55:44.739000+00:00,2022-11-15 16:44:37.062000+00:00,9999-12-31 23:59:59.999000+00:00,True
SBRKFiTdTk+Am1rLayvHaYLqrMI=,vgBnsZ5t,g1ppNpygebiClFM1rer5CrL/Xtc=,add,,,variable,counter_0dab9e8a_959d_429e_8369_73375a609de5,constant,1,2023-05-09 15:57:40.274000+00:00,2021-04-13 19:03:18.853000+00:00,9999-12-31 23:59:59.999000+00:00,True
KzITxr21mDgKzCWUkg1FmcHQ/jY=,v5fs4MLL,a788B6HZ58BMLN8+o6Kj/FxhhZ0=,jump,thankyou,bcbf6adf-7487-42a6-a1fa-0e3bd1da1696,,,,,2023-05-09 15:55:43.803000+00:00,2022-12-09 22:00:17.983000+00:00,9999-12-31 23:59:59.999000+00:00,True
Q8iuadWPcTPUTD+ZI6+oBf+wJm0=,wzxbYq72,ypq8DMpjCmPwWtKImK9Y3II/bJk=,jump,field,8340495b-a2c6-4c2b-b725-f86f129c2639,,,,,2023-05-09 15:56:45.099000+00:00,2021-11-08 18:00:33.616000+00:00,9999-12-31 23:59:59.999000+00:00,True
SBRKFiTdTk+Am1rLayvHaYLqrMI=,vgBnsZ5t,TMWr1AaIEQNhf3OKJYRkt2JdyRU=,add,,,variable,counter_0dab9e8a_959d_429e_8369_73375a609de5,constant,1,2023-05-09 15:57:40.265000+00:00,2021-04-13 19:03:18.853000+00:00,9999-12-31 23:59:59.999000+00:00,True
frhm6SAU7ptOavx3mKkxYXKWrKY=,fVpJAWb6,7Qw7rY/qxocYy/pE+0ZefrpX8EA=,jump,field,9e189744-1fc3-4245-926d-2b2555463a53,,,,,2023-05-09 15:55:47.253000+00:00,2022-11-15 16:44:11.724000+00:00,9999-12-31 23:59:59.999000+00:00,True
5/0FtH3Uc5LStjTjTK9VQsDLU5c=,Xq3iQG7A,3gKSBi1fqWwH23g8xI3NR1/jLtA=,add,,,variable,price,constant,10,2023-05-09 15:55:44.740000+00:00,2022-11-15 16:44:37.062000+00:00,9999-12-31 23:59:59.999000+00:00,True
4wMAL92nCHrPlREfptS1ZYBs3Jo=,wzxbYq72,Z8f1QanPW5HuV9eCDiLuujfglx8=,jump,field,04d74d74-d0a3-4d33-8e02-bee4f59ca6d7,,,,,2023-05-09 15:56:45.097000+00:00,2021-11-08 18:00:33.616000+00:00,9999-12-31 23:59:59.999000+00:00,True
EM5x0SKlybSfYtSewe1C4XEagj4=,e7hRQtSH,OBUGLtXiHiMx4LI/2+4ZN2Vo8eA=,jump,field,01FE4GR32ZGXPCHPKXNM6GZNW1,,,,,2023-05-09 15:55:47.574000+00:00,2023-03-02 21:15:53.713000+00:00,9999-12-31 23:59:59.999000+00:00,True
/uLTKiwVdtgry9EtRlep6TPLJf8=,MKXagAlh,ezcpKJt9K5C/SsMgSwZjVT0lNpU=,jump,field,d770d37e-1db3-41e9-af1a-9b8e464eeb1c,,,,,2023-05-09 15:57:28.733000+00:00,2021-07-22 14:55:18.641000+00:00,9999-12-31 23:59:59.999000+00:00,True
AOhwaTbhfkIZOeq7GCpZpmK6mP4=,v5fs4MLL,O4x+CjL/0o7df0W5WKXdddWl3vM=,jump,thankyou,96bb64e1-7692-4169-98b3-f6c4c453d2aa,,,,,2023-05-09 15:55:43.794000+00:00,2022-12-09 22:00:17.983000+00:00,9999-12-31 23:59:59.999000+00:00,True
ntipJqyeO1WTvuNlmAk2GY06Nxs=,v5fs4MLL,a788B6HZ58BMLN8+o6Kj/FxhhZ0=,jump,thankyou,77d7a86f-8a7b-4830-b8d5-3e3f6db0e5a2,,,,,2023-05-09 15:55:43.806000+00:00,2022-12-09 22:00:17.983000+00:00,9999-12-31 23:59:59.999000+00:00,True
8IbviDGQUdtU4/RSZuvci+2m5dI=,v5fs4MLL,a788B6HZ58BMLN8+o6Kj/FxhhZ0=,jump,thankyou,80d79131-e6a1-4ddd-a7aa-55d71942b2bf,,,,,2023-05-09 15:55:43.802000+00:00,2022-12-09 22:00:17.983000+00:00,9999-12-31 23:59:59.999000+00:00,True
EM5x0SKlybSfYtSewe1C4XEagj4=,e7hRQtSH,jZmeolZ+MxERQfForAdR+kYm9Tk=,jump,field,01FE4GR32ZGXPCHPKXNM6GZNW1,,,,,2023-05-09 15:55:47.575000+00:00,2023-03-02 21:15:53.713000+00:00,9999-12-31 23:59:59.999000+00:00,True
Y0NRpGP1c8y0/20hsKiABFn14HU=,v5fs4MLL,uwL3cBOIv8lnslAr6UU9g3MKMyA=,jump,thankyou,3aa7af4f-04a7-468d-a0fa-86695da0cb8f,,,,,2023-05-09 15:55:43.801000+00:00,2022-12-09 22:00:17.983000+00:00,9999-12-31 23:59:59.999000+00:00,True
EM5x0SKlybSfYtSewe1C4XEagj4=,e7hRQtSH,zjlvWvwum8D0capSMvdkcuh4pCY=,jump,field,01FE4GR32ZGXPCHPKXNM6GZNW1,,,,,2023-05-09 15:55:47.573000+00:00,2023-03-02 21:15:53.713000+00:00,9999-12-31 23:59:59.999000+00:00,True
pm8vn+s03Fo0OnvPSmRanIy9pIQ=,kpF10uRx,dlhuEwFBlB6JDZG7+xkm4yyjXXE=,jump,field,b96c44a8-ca02-40c7-ac51-fda80c12ac95,,,,,2023-05-09 15:55:40.983000+00:00,2023-01-06 17:34:41.531000+00:00,9999-12-31 23:59:59.999000+00:00,True
DV9zJ3JYMBy7BCBDgTKVXsrsg0M=,wzxbYq72,cBUNdGtjjNgug4F2riN0Gg8dYIY=,jump,field,0141c161-06c1-40b7-b525-17bb189e8d13,,,,,2023-05-09 15:56:45.096000+00:00,2021-11-08 18:00:33.616000+00:00,9999-12-31 23:59:59.999000+00:00,True
RfijiYgm0zBA6FQOAfqIq8dpvvI=,e7hRQtSH,KP+QmgKNYV/cW0ju3Pzq1dDFo90=,jump,field,810af565-7384-424e-979b-966f900d0a16,,,,,2023-05-09 15:55:47.570000+00:00,2023-03-02 21:15:53.713000+00:00,9999-12-31 23:59:59.999000+00:00,True
RDRf1fPjBI696ukPaLOG4vvieNs=,fvZ2fdz9,Ro14wPK1DbCwaH8HBVPDvJWgFho=,jump,thankyou,01EYVEQPE22PK2WTWE098NJX4Q,,,,,2023-05-09 15:57:52.830000+00:00,2021-06-04 22:32:02.167000+00:00,9999-12-31 23:59:59.999000+00:00,True
Upj12wtUCxnO5d12AlRsFQoqAaQ=,MKXagAlh,iz0JltpjFbk7NddX16RaQnafWgc=,jump,field,e6d5cc04-58a1-4fd3-8b17-2ef2f3cbed46,,,,,2023-05-09 15:57:28.733000+00:00,2021-07-22 14:55:18.641000+00:00,9999-12-31 23:59:59.999000+00:00,True
0PK+2Wboqq2xY9CQX3CYQi5czbM=,CboEYzb7,BhFZtdTeg7Ymsy8DQowAQ6ccCMU=,jump,field,836eba8e-f047-4cc1-be4c-c732085d4dfc,,,,,2023-05-09 15:56:37.938000+00:00,2022-03-09 13:49:27.109000+00:00,9999-12-31 23:59:59.999000+00:00,True
jas/iJGsGrwWK93dkWFVZn4VoJQ=,e7hRQtSH,KP+QmgKNYV/cW0ju3Pzq1dDFo90=,jump,field,ec50e038-5d62-4a3c-afe1-e7fc191b9694,,,,,2023-05-09 15:55:47.571000+00:00,2023-03-02 21:15:53.713000+00:00,9999-12-31 23:59:59.999000+00:00,True
SBRKFiTdTk+Am1rLayvHaYLqrMI=,vgBnsZ5t,Kjd3UxUcMUGOCxKuOw9pQc3km3I=,add,,,variable,counter_0dab9e8a_959d_429e_8369_73375a609de5,constant,1,2023-05-09 15:57:40.268000+00:00,2021-04-13 19:03:18.853000+00:00,9999-12-31 23:59:59.999000+00:00,True
SBRKFiTdTk+Am1rLayvHaYLqrMI=,vgBnsZ5t,GZSR2T4p1N9qppUHfr/a8U3WbVs=,add,,,variable,counter_0dab9e8a_959d_429e_8369_73375a609de5,constant,1,2023-05-09 15:57:40.271000+00:00,2021-04-13 19:03:18.853000+00:00,9999-12-31 23:59:59.999000+00:00,True
pm8vn+s03Fo0OnvPSmRanIy9pIQ=,qd1BXBHF,dlhuEwFBlB6JDZG7+xkm4yyjXXE=,jump,field,b96c44a8-ca02-40c7-ac51-fda80c12ac95,,,,,2023-05-09 15:55:43.383000+00:00,2023-01-05 17:17:58.643000+00:00,9999-12-31 23:59:59.999000+00:00,True
8HrfRjGXN/rA15RiNfoRSa5vz1o=,Wez0q1nI,zR5vdJ4I8BlHa+UyIrjuci2WhXk=,jump,field,9ec3d7d3ca590bc8,,,,,2023-05-09 15:58:12.287000+00:00,2023-03-30 19:05:43.137000+00:00,9999-12-31 23:59:59.999000+00:00,True
MK0RTZECAfw8XM1KpYs0sEXFin0=,v5fs4MLL,a788B6HZ58BMLN8+o6Kj/FxhhZ0=,jump,thankyou,c82851ac-d72f-45d8-9e83-c119059eabfc,,,,,2023-05-09 15:55:43.804000+00:00,2022-12-09 22:00:17.983000+00:00,9999-12-31 23:59:59.999000+00:00,True
UVChLFbmg+OYWrVc0O+v0eSVk00=,fhmGtCBS,Lj/i6o/oPTN0nWoCfcmpY12jZLI=,jump,thankyou,b98a447f-76ac-4900-9c13-fc0ce027cedd,,,,,2023-05-09 15:57:36.180000+00:00,2021-05-11 04:21:16.159000+00:00,9999-12-31 23:59:59.999000+00:00,True
SBRKFiTdTk+Am1rLayvHaYLqrMI=,vgBnsZ5t,OlF37dCEYUsifJBPp1SNN8RgG3A=,add,,,variable,counter_0dab9e8a_959d_429e_8369_73375a609de5,constant,1,2023-05-09 15:57:40.262000+00:00,2021-04-13 19:03:18.853000+00:00,9999-12-31 23:59:59.999000+00:00,True
NivdowxmMgbmivxv0dB6X22B2IE=,rqXardP6,iUF1NssF/aB2vM3VlBoPGBfT7R4=,jump,field,7b1ec729-9a0b-447a-8feb-b6ac4d25adce,,,,,2023-05-09 15:56:44.537000+00:00,2021-10-22 15:22:47.443000+00:00,9999-12-31 23:59:59.999000+00:00,True
EM5x0SKlybSfYtSewe1C4XEagj4=,e7hRQtSH,KP+QmgKNYV/cW0ju3Pzq1dDFo90=,jump,field,01FE4GR32ZGXPCHPKXNM6GZNW1,,,,,2023-05-09 15:55:47.572000+00:00,2023-03-02 21:15:53.713000+00:00,9999-12-31 23:59:59.999000+00:00,True
8qPBg6CaXcrllXcQhwvTLwHWaUE=,Xq3iQG7A,3gKSBi1fqWwH23g8xI3NR1/jLtA=,add,,,variable,price,constant,15,2023-05-09 15:55:44.738000+00:00,2022-11-15 16:44:37.062000+00:00,9999-12-31 23:59:59.999000+00:00,True
EM5x0SKlybSfYtSewe1C4XEagj4=,e7hRQtSH,xWj2O7l01ParfAlu8zAnEjqp/zM=,jump,field,01FE4GR32ZGXPCHPKXNM6GZNW1,,,,,2023-05-09 15:55:47.574000+00:00,2023-03-02 21:15:53.713000+00:00,9999-12-31 23:59:59.999000+00:00,True
0x7xkascrmPIJnu2Gvp2qrqjJPY=,wzxbYq72,mKlKJnR76IN84dwDArr20A2R35U=,jump,field,3aa62772-e89f-4e2c-bd76-a7b30df80bfb,,,,,2023-05-09 15:56:45.098000+00:00,2021-11-08 18:00:33.616000+00:00,9999-12-31 23:59:59.999000+00:00,True
EM5x0SKlybSfYtSewe1C4XEagj4=,e7hRQtSH,HxSer8wZ7QN+wUbqYmbxjkYUZiQ=,jump,field,01FE4GR32ZGXPCHPKXNM6GZNW1,,,,,2023-05-09 15:55:47.575000+00:00,2023-03-02 21:15:53.713000+00:00,9999-12-31 23:59:59.999000+00:00,True
wWBffMEsmyGkFds0VdaXKxCznJM=,v5fs4MLL,P6pLRUCIMZjLjrczSQYRlAUFE78=,jump,thankyou,458a5cd4-88d8-4af3-995e-611fa0fe0c22,,,,,2023-05-09 15:55:43.810000+00:00,2022-12-09 22:00:17.983000+00:00,9999-12-31 23:59:59.999000+00:00,True
EM5x0SKlybSfYtSewe1C4XEagj4=,e7hRQtSH,Z8xeeFnxsgwLeUEgEidBROEKhcg=,jump,field,01FE4GR32ZGXPCHPKXNM6GZNW1,,,,,2023-05-09 15:55:47.576000+00:00,2023-03-02 21:15:53.713000+00:00,9999-12-31 23:59:59.999000+00:00,True
8HrfRjGXN/rA15RiNfoRSa5vz1o=,Wez0q1nI,vyJecv2/THQ8qtlUWYaZp1rgr+U=,jump,field,9ec3d7d3ca590bc8,,,,,2023-05-09 15:58:12.287000+00:00,2023-03-30 19:05:43.137000+00:00,9999-12-31 23:59:59.999000+00:00,True
UVChLFbmg+OYWrVc0O+v0eSVk00=,XlCI6VzX,Lj/i6o/oPTN0nWoCfcmpY12jZLI=,jump,thankyou,b98a447f-76ac-4900-9c13-fc0ce027cedd,,,,,2023-05-09 15:57:55.326000+00:00,2021-05-02 18:07:44.377000+00:00,9999-12-31 23:59:59.999000+00:00,True
6nlGLikTzpTlPmfuSosTVwb2nMM=,sxgX6rXP,HWXL7oBP1eIJeyqqAqUEtdjeIZw=,jump,field,d11f86e9-b866-4f7d-9efd-934639e6c25f,,,,,2023-05-09 15:55:29.402000+00:00,2023-04-27 22:28:19.957000+00:00,9999-12-31 23:59:59.999000+00:00,True
8HrfRjGXN/rA15RiNfoRSa5vz1o=,Wez0q1nI,COvT/HwkcxzNYoxrOWoFb/E3uZw=,jump,field,9ec3d7d3ca590bc8,,,,,2023-05-09 15:58:12.287000+00:00,2023-03-30 19:05:43.137000+00:00,9999-12-31 23:59:59.999000+00:00,True
EM5x0SKlybSfYtSewe1C4XEagj4=,e7hRQtSH,I9jLSANaAuaQR9pCTA4+J8stBkc=,jump,field,01FE4GR32ZGXPCHPKXNM6GZNW1,,,,,2023-06-01 02:30:46.145000+00:00,2023-05-31 22:39:31.448000+00:00,9999-12-31 23:59:59.999000+00:00,True
EM5x0SKlybSfYtSewe1C4XEagj4=,QCwykDBd,jZmeolZ+MxERQfForAdR+kYm9Tk=,jump,field,01FE4GR32ZGXPCHPKXNM6GZNW1,,,,,2023-06-20 20:30:21.784000+00:00,2023-06-20 17:00:22.740000+00:00,2023-07-05 14:50:10.967000+00:00,False
EM5x0SKlybSfYtSewe1C4XEagj4=,QCwykDBd,zjlvWvwum8D0capSMvdkcuh4pCY=,jump,field,01FE4GR32ZGXPCHPKXNM6GZNW1,,,,,2023-06-20 20:30:21.771000+00:00,2023-06-20 17:00:22.740000+00:00,2023-07-05 14:50:10.967000+00:00,False
jas/iJGsGrwWK93dkWFVZn4VoJQ=,QCwykDBd,KP+QmgKNYV/cW0ju3Pzq1dDFo90=,jump,field,ec50e038-5d62-4a3c-afe1-e7fc191b9694,,,,,2023-06-20 20:30:21.753000+00:00,2023-06-20 17:00:22.740000+00:00,2023-07-05 14:50:10.967000+00:00,False
EM5x0SKlybSfYtSewe1C4XEagj4=,QCwykDBd,xWj2O7l01ParfAlu8zAnEjqp/zM=,jump,field,01FE4GR32ZGXPCHPKXNM6GZNW1,,,,,2023-06-20 20:30:21.780000+00:00,2023-06-20 17:00:22.740000+00:00,2023-07-05 14:50:10.967000+00:00,False
EM5x0SKlybSfYtSewe1C4XEagj4=,QCwykDBd,Z8xeeFnxsgwLeUEgEidBROEKhcg=,jump,field,01FE4GR32ZGXPCHPKXNM6GZNW1,,,,,2023-06-20 20:30:21.793000+00:00,2023-06-20 17:00:22.740000+00:00,2023-07-05 14:50:10.967000+00:00,False
RfijiYgm0zBA6FQOAfqIq8dpvvI=,QCwykDBd,KP+QmgKNYV/cW0ju3Pzq1dDFo90=,jump,field,810af565-7384-424e-979b-966f900d0a16,,,,,2023-06-20 20:30:21.741000+00:00,2023-06-20 17:00:22.740000+00:00,2023-07-05 14:50:10.967000+00:00,False
EM5x0SKlybSfYtSewe1C4XEagj4=,QCwykDBd,KP+QmgKNYV/cW0ju3Pzq1dDFo90=,jump,field,01FE4GR32ZGXPCHPKXNM6GZNW1,,,,,2023-06-20 20:30:21.766000+00:00,2023-06-20 17:00:22.740000+00:00,2023-07-05 14:50:10.967000+00:00,False
EM5x0SKlybSfYtSewe1C4XEagj4=,QCwykDBd,HxSer8wZ7QN+wUbqYmbxjkYUZiQ=,jump,field,01FE4GR32ZGXPCHPKXNM6GZNW1,,,,,2023-06-20 20:30:21.788000+00:00,2023-06-20 17:00:22.740000+00:00,2023-07-05 14:50:10.967000+00:00,False
EM5x0SKlybSfYtSewe1C4XEagj4=,QCwykDBd,I9jLSANaAuaQR9pCTA4+J8stBkc=,jump,field,01FE4GR32ZGXPCHPKXNM6GZNW1,,,,,2023-06-20 20:30:21.797000+00:00,2023-06-20 17:00:22.740000+00:00,2023-07-05 14:50:10.967000+00:00,False
EM5x0SKlybSfYtSewe1C4XEagj4=,QCwykDBd,OBUGLtXiHiMx4LI/2+4ZN2Vo8eA=,jump,field,01FE4GR32ZGXPCHPKXNM6GZNW1,,,,,2023-06-20 20:30:21.775000+00:00,2023-06-20 17:00:22.740000+00:00,2023-07-05 14:50:10.967000+00:00,False
j4RngTs/MaL3K2Zc5OYKXMWGWmA=,PNWzUBMi,2faBooWMSgdtvhe0t+NUmpSkLbU=,jump,thankyou,01H4M1ANP2A41VEV8F2RQ322FJ,,,,,2023-07-07 02:30:09.306000+00:00,2023-07-07 00:48:10.360000+00:00,9999-12-31 23:59:59.999000+00:00,True
A7eXu9LjWCD+8CA/bSWsFTPOglM=,CBJ5YM86,SlRESWarojHFelOnWUhMYVC58Ts=,jump,field,891e1b47-ecee-4351-9285-7ce103bfe45d,,,,,2023-12-01 14:55:41.126000+00:00,2023-11-30 19:03:28.366000+00:00,9999-12-31 23:59:59.999000+00:00,True
HlyC0i1CqP/r1K0RcQmvEB0LYaI=,fiht8i17,KanLzVsJNVqM+XX4ICv5hsviABY=,jump,thankyou,01HHQFHSKQY46C5HJ69EG8KF03,,,,,2024-01-29 20:29:29.736000+00:00,2024-01-29 19:43:26.436000+00:00,9999-12-31 23:59:59.999000+00:00,True
TdJeSu+I+/UbEmFTi1Lu7SVHy90=,fiht8i17,zvAQHzKAtXkVxxJTQ8WyoK+lh4c=,jump,field,0925030a-530d-403f-a273-7fe41ac7b6de,,,,,2024-01-29 20:29:29.739000+00:00,2024-01-29 19:43:26.436000+00:00,9999-12-31 23:59:59.999000+00:00,True
TdJeSu+I+/UbEmFTi1Lu7SVHy90=,fiht8i17,KanLzVsJNVqM+XX4ICv5hsviABY=,jump,field,0925030a-530d-403f-a273-7fe41ac7b6de,,,,,2024-01-29 20:29:29.732000+00:00,2024-01-29 19:43:26.436000+00:00,9999-12-31 23:59:59.999000+00:00,True
4Bf2iWAvB718vvsZUgAoEa2pZ/g=,sGqsMGlv,ST4UP2nVrxMXgSs3yz4bhkglf2E=,jump,field,8da8d65c-81cf-49eb-9c9c-4a2372e8999e,,,,,2024-03-22 00:03:21.195000+00:00,2024-03-21 21:11:22.413000+00:00,9999-12-31 23:59:59.999000+00:00,True
U/SQ5V4+F5PaN+m+FBg0UVczwL0=,sGqsMGlv,IdGkdkS+0aXmpYimESNxG5VvHTY=,jump,field,ba282e5b-94e1-452e-8a07-fca30ce2c57e,,,,,2024-03-22 00:03:21.220000+00:00,2024-03-21 21:11:22.413000+00:00,9999-12-31 23:59:59.999000+00:00,True
U/SQ5V4+F5PaN+m+FBg0UVczwL0=,sGqsMGlv,/bqx9ldEwZYH5WAxm9ZXprbd7xI=,jump,field,ba282e5b-94e1-452e-8a07-fca30ce2c57e,,,,,2024-03-22 20:29:40.431000+00:00,2024-03-22 17:52:17.097000+00:00,9999-12-31 23:59:59.999000+00:00,True
FgMb76AdMLRdbt5Crcbxd6bcROY=,sGqsMGlv,NYFBrWt6KFfJQnqs4kujhAWnT3s=,jump,field,40625770-db2c-4995-a85d-386fb9571369,,,,,2024-03-22 00:03:21.153000+00:00,2024-03-21 21:11:22.413000+00:00,2024-03-22 17:52:17.096000+00:00,False
0X0yABf9kopd8LoQTe5wCb7pyVI=,vQg4oCT0,NYFBrWt6KFfJQnqs4kujhAWnT3s=,jump,thankyou,47686924-3226-4c8e-8101-d0bae013f0a5,,,,,2024-04-18 00:02:47.954000+00:00,2024-04-17 16:51:26.944000+00:00,9999-12-31 23:59:59.999000+00:00,True
4Bf2iWAvB718vvsZUgAoEa2pZ/g=,vQg4oCT0,ST4UP2nVrxMXgSs3yz4bhkglf2E=,jump,field,8da8d65c-81cf-49eb-9c9c-4a2372e8999e,,,,,2024-04-17 00:01:57.769000+00:00,2024-04-16 16:43:33.304000+00:00,2024-04-17 16:51:26.943000+00:00,False
U/SQ5V4+F5PaN+m+FBg0UVczwL0=,vQg4oCT0,/bqx9ldEwZYH5WAxm9ZXprbd7xI=,jump,field,ba282e5b-94e1-452e-8a07-fca30ce2c57e,,,,,2024-04-17 00:01:57.766000+00:00,2024-04-16 16:43:33.304000+00:00,2024-04-17 16:51:26.943000+00:00,False
U/SQ5V4+F5PaN+m+FBg0UVczwL0=,vQg4oCT0,IdGkdkS+0aXmpYimESNxG5VvHTY=,jump,field,ba282e5b-94e1-452e-8a07-fca30ce2c57e,,,,,2024-04-17 00:01:57.789000+00:00,2024-04-16 16:43:33.304000+00:00,2024-04-17 16:51:26.943000+00:00,False
U/SQ5V4+F5PaN+m+FBg0UVczwL0=,vQg4oCT0,6D7/+Mu4jSGyAEadL47QSLpTsII=,jump,field,ba282e5b-94e1-452e-8a07-fca30ce2c57e,,,,,2024-04-23 00:02:19.399000+00:00,2024-04-22 16:53:15.693000+00:00,9999-12-31 23:59:59.999000+00:00,True
CCQ5oT/o1xmFv2xxhv3jv7O6ZOU=,vQg4oCT0,ST4UP2nVrxMXgSs3yz4bhkglf2E=,jump,field,a88b69c1-1938-4ea7-a62f-66ccd9f0c67d,,,,,2024-04-18 00:02:48.137000+00:00,2024-04-17 16:51:26.944000+00:00,2024-04-22 16:53:15.692000+00:00,False
U/SQ5V4+F5PaN+m+FBg0UVczwL0=,vQg4oCT0,7H3th+M0VDHJdE0W6g4KmJmrChw=,jump,field,ba282e5b-94e1-452e-8a07-fca30ce2c57e,,,,,2024-04-18 00:02:47.750000+00:00,2024-04-17 16:51:26.944000+00:00,2024-04-22 16:53:15.692000+00:00,False
WyIWeNhBkWaBRIx/ixe35A/7qNU=,j7mMhWyf,JWutyG/nzryA9dgLs8ITIgIvey8=,jump,field,38124a8d-1528-45e7-9b66-e7754a634aef,,,,,2023-05-09 15:55:32.112000+00:00,2023-03-14 22:16:44.319000+00:00,9999-12-31 23:59:59.999000+00:00,True
ZhF1AEZTkg6i5mBCDylYnkhZnaI=,e7hRQtSH,KP+QmgKNYV/cW0ju3Pzq1dDFo90=,jump,field,2938e17c-d289-41e7-b28f-86652c90269d,,,,,2023-05-09 15:55:47.568000+00:00,2023-03-02 21:15:53.713000+00:00,9999-12-31 23:59:59.999000+00:00,True
C0rQvlLQgvzE5wUJC4ahJP+Onn8=,vgBnsZ5t,Kjd3UxUcMUGOCxKuOw9pQc3km3I=,add,,,variable,counter_a9f6da91_8607_4695_b938_c096df90d5ef,constant,1,2023-05-09 15:57:40.269000+00:00,2021-04-13 19:03:18.853000+00:00,9999-12-31 23:59:59.999000+00:00,True
C0rQvlLQgvzE5wUJC4ahJP+Onn8=,vgBnsZ5t,GZSR2T4p1N9qppUHfr/a8U3WbVs=,add,,,variable,counter_a9f6da91_8607_4695_b938_c096df90d5ef,constant,1,2023-05-09 15:57:40.272000+00:00,2021-04-13 19:03:18.853000+00:00,9999-12-31 23:59:59.999000+00:00,True
mmcWCZuCSTA2VlZ4xEIlbdV133U=,CBJ5YM86,65WEKlsLdD/0D2hcc7Z/PoUUJ68=,jump,field,3ab0337a-c02e-45d4-bfe6-5f4ce11e2b24,,,,,2023-05-09 15:55:41.471000+00:00,2023-01-06 17:09:18.282000+00:00,9999-12-31 23:59:59.999000+00:00,True
C0rQvlLQgvzE5wUJC4ahJP+Onn8=,vgBnsZ5t,OlF37dCEYUsifJBPp1SNN8RgG3A=,add,,,variable,counter_a9f6da91_8607_4695_b938_c096df90d5ef,constant,1,2023-05-09 15:57:40.263000+00:00,2021-04-13 19:03:18.853000+00:00,9999-12-31 23:59:59.999000+00:00,True
ZhF1AEZTkg6i5mBCDylYnkhZnaI=,QCwykDBd,KP+QmgKNYV/cW0ju3Pzq1dDFo90=,jump,field,2938e17c-d289-41e7-b28f-86652c90269d,,,,,2023-06-20 20:30:21.729000+00:00,2023-06-20 17:00:22.740000+00:00,2023-07-05 14:50:10.967000+00:00,False
savVNZjOcTx2m8kgYXyKmv+hRFU=,QCwykDBd,KP+QmgKNYV/cW0ju3Pzq1dDFo90=,jump,field,50d757dc-a47e-47d1-a2d9-e06c938eefda,,,,,2023-06-20 20:30:21.735000+00:00,2023-06-20 17:00:22.740000+00:00,2023-07-05 14:50:10.967000+00:00,False
JQzVsy8wLfXFO4NYKRi0VYSDve4=,QCwykDBd,KP+QmgKNYV/cW0ju3Pzq1dDFo90=,jump,field,e12f01c5-d89a-43f6-b638-3165616b93da,,,,,2023-06-20 20:30:21.723000+00:00,2023-06-20 17:00:22.740000+00:00,2023-07-05 14:50:10.967000+00:00,False
tGZ66vM1K31DaD3RUe736CERmVk=,PNWzUBMi,2faBooWMSgdtvhe0t+NUmpSkLbU=,jump,thankyou,5ce93d2a-e7b7-406b-ac98-7807a78965ba,,,,,2023-07-07 02:30:09.310000+00:00,2023-07-07 00:48:10.360000+00:00,9999-12-31 23:59:59.999000+00:00,True
tGZ66vM1K31DaD3RUe736CERmVk=,PNWzUBMi,5d4oHj2ZXl4qZSctHp8wUBmvtHg=,jump,thankyou,5ce93d2a-e7b7-406b-ac98-7807a78965ba,,,,,2023-07-07 02:30:09.313000+00:00,2023-07-07 00:48:10.360000+00:00,9999-12-31 23:59:59.999000+00:00,True
mmcWCZuCSTA2VlZ4xEIlbdV133U=,CBJ5YM86,2D5bGIzLjOr9Gz5ye+KM1zpjuVU=,jump,field,3ab0337a-c02e-45d4-bfe6-5f4ce11e2b24,,,,,2023-09-16 02:29:42.402000+00:00,2023-09-15 21:18:07.585000+00:00,9999-12-31 23:59:59.999000+00:00,True
VS0VUT1FG17GLIwG8dEG0GywCVA=,LzxHvwVm,DqRSFW6BX+tEZXbcboTwazuKRss=,jump,thankyou,f7ef1cf8-3a7c-4b31-ac87-4550761628d2,,,,,2023-11-22 20:29:31.186000+00:00,2023-11-22 18:54:28.149000+00:00,9999-12-31 23:59:59.999000+00:00,True
jc9vzvGDtY5dp/yyjmflmyGnrj0=,LzxHvwVm,DqRSFW6BX+tEZXbcboTwazuKRss=,jump,field,c99ce895-e676-47b3-9326-7e8494ee8367,,,,,2023-11-22 20:29:31.166000+00:00,2023-11-22 18:54:28.149000+00:00,9999-12-31 23:59:59.999000+00:00,True
AvyHdDUhA3228njUrafW9Qm1w5A=,LzxHvwVm,DqRSFW6BX+tEZXbcboTwazuKRss=,jump,thankyou,e5aa5831-6bd1-4f1a-aa12-ef0de842f52c,,,,,2023-11-22 20:29:31.176000+00:00,2023-11-22 18:54:28.149000+00:00,9999-12-31 23:59:59.999000+00:00,True
OaDOXvYmKD9iq6FqWkpPxMPlLaE=,CBJ5YM86,SlRESWarojHFelOnWUhMYVC58Ts=,jump,field,c6dfd320-2c41-45a6-8c65-034c57b4db13,,,,,2023-12-01 14:55:41.122000+00:00,2023-11-30 19:03:28.366000+00:00,9999-12-31 23:59:59.999000+00:00,True
mmcWCZuCSTA2VlZ4xEIlbdV133U=,CBJ5YM86,f9D+DeJVWbe1ZB5WFrd1nVBK71I=,jump,field,3ab0337a-c02e-45d4-bfe6-5f4ce11e2b24,,,,,2023-12-01 14:55:41.106000+00:00,2023-11-30 19:03:28.366000+00:00,9999-12-31 23:59:59.999000+00:00,True
mmcWCZuCSTA2VlZ4xEIlbdV133U=,CBJ5YM86,xSavlkylpSgf8iV1gov7LvuYXEs=,jump,field,3ab0337a-c02e-45d4-bfe6-5f4ce11e2b24,,,,,2023-12-01 14:55:41.110000+00:00,2023-11-30 19:03:28.366000+00:00,9999-12-31 23:59:59.999000+00:00,True
mmcWCZuCSTA2VlZ4xEIlbdV133U=,CBJ5YM86,FEhJiPBOwnpQgzMSsBwPU3W4NPw=,jump,field,3ab0337a-c02e-45d4-bfe6-5f4ce11e2b24,,,,,2023-12-01 14:55:41.113000+00:00,2023-11-30 19:03:28.366000+00:00,9999-12-31 23:59:59.999000+00:00,True
42JEw9CtaCRAjpd8+INNhuZoJ0o=,aLoJGhPX,EH9T/rlYjk6urgtfUX5RrDATcsU=,jump,thankyou,01HM9JVAZWJHC9F8M8X507SEZM,,,,,2024-01-26 20:29:32.750000+00:00,2024-01-26 16:38:11.783000+00:00,9999-12-31 23:59:59.999000+00:00,True
0VQXPoQ97xpNNIpp86IEb96DL3Y=,fiht8i17,zvAQHzKAtXkVxxJTQ8WyoK+lh4c=,jump,field,65a1a17a-3afd-4eb5-8e4b-bc4720ccec51,,,,,2024-01-29 20:29:29.744000+00:00,2024-01-29 19:43:26.436000+00:00,9999-12-31 23:59:59.999000+00:00,True
A9iFFb6uaA4Oo6IoV5bmlhLZulI=,fiht8i17,FLPzIWUoCfwEyuPsahcKho2f7pc=,jump,field,0eb94386-bd66-4ac3-8fcc-7d04e391fc83,,,,,2024-01-29 20:29:29.755000+00:00,2024-01-29 19:43:26.436000+00:00,9999-12-31 23:59:59.999000+00:00,True
1bp5u3scPpr1ehT1LTQeDzr3LC0=,fiht8i17,/9l0SFw3ZJlhxPt4N2e3pBQpEV4=,jump,field,bc47d801-f3ac-4511-9428-7cdbafdcace6,,,,,2024-01-29 20:29:29.747000+00:00,2024-01-29 19:43:26.436000+00:00,9999-12-31 23:59:59.999000+00:00,True
F6tOZhNrfxv3E6wovzPHHcCB+D4=,v5fs4MLL,7Qw7rY/qxocYy/pE+0ZefrpX8EA=,jump,field,73498bf7-37a2-4155-845e-d15c0538298a,,,,,2023-05-09 15:55:43.812000+00:00,2022-12-09 22:00:17.983000+00:00,9999-12-31 23:59:59.999000+00:00,True
EiMunrvArJQgBxTs4sKh72PIpuM=,XsezE0qD,Kidw75JoepB3EZYVEQ8IpjMwT/U=,jump,field,7a427445-3212-45bf-8ad4-b004b3fe203b,,,,,2023-05-09 15:56:18.390000+00:00,2022-06-15 17:07:46.599000+00:00,9999-12-31 23:59:59.999000+00:00,True
Xrda0WlYeJLl1ISZ5eoG4n+craQ=,wzxbYq72,ObLK0RZrnn3j5VYg6xkcZyB8PSY=,add,,,variable,score,constant,1,2023-05-09 15:56:45.104000+00:00,2021-11-08 18:00:33.616000+00:00,9999-12-31 23:59:59.999000+00:00,True
7cgxMnhVgHHmAne7fvplHuzSaLo=,qd1BXBHF,SHL3AfFgywqf1sgG6aO+D63cDv4=,jump,field,0f1491e5-00b2-4a30-8c8b-739df259cce5,,,,,2023-05-09 15:55:43.384000+00:00,2023-01-05 17:17:58.643000+00:00,9999-12-31 23:59:59.999000+00:00,True
anhaTyslZd7ROK4aqdtfIORI+Cc=,CBJ5YM86,SlRESWarojHFelOnWUhMYVC58Ts=,jump,field,b93a120c-8ce9-4edc-8392-dc1b418ea46d,,,,,2023-05-09 15:55:41.466000+00:00,2023-01-06 17:09:18.282000+00:00,9999-12-31 23:59:59.999000+00:00,True
+0+oxcCowwd5mOfZMx6ZZcSnO3k=,XsezE0qD,mtOBjcAFOyS/ksekziB3WQPLeMg=,jump,field,ba4e839f-b015-408b-aeea-352dbb923610,,,,,2023-05-09 15:56:18.385000+00:00,2022-06-15 17:07:46.599000+00:00,9999-12-31 23:59:59.999000+00:00,True
pxeegpvgK9u5EXKoG5ur4C7ysDY=,v5fs4MLL,a788B6HZ58BMLN8+o6Kj/FxhhZ0=,jump,thankyou,4c8a726a-cc52-482b-bc75-c49a0a663431,,,,,2023-05-09 15:55:43.804000+00:00,2022-12-09 22:00:17.983000+00:00,9999-12-31 23:59:59.999000+00:00,True
LhcmWM8vEA5fZO5hTm7ODOMwEB8=,qd1BXBHF,dlhuEwFBlB6JDZG7+xkm4yyjXXE=,jump,field,193900e2-4607-4e29-8fd8-45bc213868c5,,,,,2023-05-09 15:55:43.381000+00:00,2023-01-05 17:17:58.643000+00:00,9999-12-31 23:59:59.999000+00:00,True
6VLUdOgIGt7SfB8Aryj74FFpEVk=,v5fs4MLL,uwL3cBOIv8lnslAr6UU9g3MKMyA=,jump,thankyou,34e29edb-51bd-4b06-abff-3ef9917ffd6b,,,,,2023-05-09 15:55:43.796000+00:00,2022-12-09 22:00:17.983000+00:00,9999-12-31 23:59:59.999000+00:00,True
SdM8FtRdEWFpexZKn163f2Yo8Hs=,v5fs4MLL,a788B6HZ58BMLN8+o6Kj/FxhhZ0=,jump,thankyou,c41668e1-0bc0-43a4-a443-e86ff9dd68a5,,,,,2023-05-09 15:55:43.807000+00:00,2022-12-09 22:00:17.983000+00:00,9999-12-31 23:59:59.999000+00:00,True
ib08qYr6YdzBZpkV46pSZXtDl7g=,PibwM1Mb,UmLSYJMV3RHLLDeIlhBT1k7cQ+8=,jump,thankyou,01F63RZTBTV89JJ191ZA78Q4EX,,,,,2023-05-09 15:57:35.813000+00:00,2021-05-20 02:50:50.154000+00:00,9999-12-31 23:59:59.999000+00:00,True
/CltfXaER0eeTQukaGngpGCAjnw=,v5fs4MLL,7Qw7rY/qxocYy/pE+0ZefrpX8EA=,jump,field,6ef36c9b-a493-494e-8f8e-9a5a7b488187,,,,,2023-05-09 15:55:43.814000+00:00,2022-12-09 22:00:17.983000+00:00,9999-12-31 23:59:59.999000+00:00,True
Sz/tgnq/PtCGJxsJSy6C5rtzQjM=,wzxbYq72,m8ezgYuKHYowSmcWSeu0sbWySMQ=,jump,field,9790c4c0-c4c0-4f12-8dbe-eebcada75e80,,,,,2023-05-09 15:56:45.095000+00:00,2021-11-08 18:00:33.616000+00:00,9999-12-31 23:59:59.999000+00:00,True
8rzA9NkCfG482qqF6n/PBZrC4CM=,v5fs4MLL,7Qw7rY/qxocYy/pE+0ZefrpX8EA=,jump,thankyou,e67f55c3-fa05-4f24-94fc-eab8fe4c190a,,,,,2023-05-09 15:55:43.813000+00:00,2022-12-09 22:00:17.983000+00:00,9999-12-31 23:59:59.999000+00:00,True
l7UK1WZXX0JmxnAeGxz024IQysc=,CBJ5YM86,65WEKlsLdD/0D2hcc7Z/PoUUJ68=,jump,field,01GNZ3ZQK02GBWJ3VBB7ANKBX5,,,,,2023-05-09 15:55:41.470000+00:00,2023-01-06 17:09:18.282000+00:00,9999-12-31 23:59:59.999000+00:00,True
Xrda0WlYeJLl1ISZ5eoG4n+craQ=,wzxbYq72,4emSFcIQWX7tdgTbeBRS4Fce1As=,add,,,variable,score,constant,1,2023-05-09 15:56:45.106000+00:00,2021-11-08 18:00:33.616000+00:00,9999-12-31 23:59:59.999000+00:00,True
wFae+ASJ00MBYThzUB2aL9ZAIic=,XsezE0qD,HpDkkjNX6HiComqnm4sx4PgbTq4=,jump,field,4a577c2f-75bd-45fc-b021-bc491cc922fa,,,,,2023-05-09 15:56:18.382000+00:00,2022-06-15 17:07:46.599000+00:00,9999-12-31 23:59:59.999000+00:00,True
lExWratz8td5kUv7KxUGbJGDVq8=,e7hRQtSH,KP+QmgKNYV/cW0ju3Pzq1dDFo90=,jump,field,77967f8c-6be7-40a3-ac2e-062a713d4de1,,,,,2023-05-09 15:55:47.571000+00:00,2023-03-02 21:15:53.713000+00:00,9999-12-31 23:59:59.999000+00:00,True
Xrda0WlYeJLl1ISZ5eoG4n+craQ=,wzxbYq72,Kw2nIJkGuM427sYRSJdR6fqSs3g=,add,,,variable,score,constant,1,2023-05-09 15:56:45.107000+00:00,2021-11-08 18:00:33.616000+00:00,9999-12-31 23:59:59.999000+00:00,True
FK/iF+ECG4WDdPfNFdJhclMnX1g=,xaHb3xw2,mxiWzfCycBRipeHWgCaBPcTyc9A=,jump,field,384b27476ca4d24a,,,,,2023-05-09 15:56:46.690000+00:00,2021-10-20 01:16:14.356000+00:00,9999-12-31 23:59:59.999000+00:00,True
0RusE7FtvaXx8OVtCSsBI34rZZ8=,v5fs4MLL,uwL3cBOIv8lnslAr6UU9g3MKMyA=,jump,thankyou,ef8152ad-8dff-4ce2-8050-ab927edfa8dd,,,,,2023-05-09 15:55:43.799000+00:00,2022-12-09 22:00:17.983000+00:00,9999-12-31 23:59:59.999000+00:00,True
hwVBqidhd7MIxP+ZrxUlja7ixUI=,MKXagAlh,eH09fJLvUWzz2WAE/1reXi7xRYY=,jump,field,7f8db722-4dab-4478-b168-516c1b7cca46,,,,,2023-05-09 15:57:28.729000+00:00,2021-07-22 14:55:18.641000+00:00,9999-12-31 23:59:59.999000+00:00,True
MvYKy4ULVHF2QKJJy9MUWY4uMFc=,XsezE0qD,aMGDvWkajLKhonHaxGo0Lu6nFes=,jump,field,c9aa8cf3-5c69-475b-9156-4d88297519f4,,,,,2023-05-09 15:56:18.387000+00:00,2022-06-15 17:07:46.599000+00:00,9999-12-31 23:59:59.999000+00:00,True
K7MAPDmwer730vvfonK2SKrMPCI=,v5fs4MLL,O4x+CjL/0o7df0W5WKXdddWl3vM=,jump,thankyou,024b00c9-11b0-4124-899a-63f871cdc4de,,,,,2023-05-09 15:55:43.793000+00:00,2022-12-09 22:00:17.983000+00:00,9999-12-31 23:59:59.999000+00:00,True
Xrda0WlYeJLl1ISZ5eoG4n+craQ=,wzxbYq72,f6iV+Yfxed1Vb8NjDgAbfVNvcD4=,add,,,variable,score,constant,1,2023-05-09 15:56:45.102000+00:00,2021-11-08 18:00:33.616000+00:00,9999-12-31 23:59:59.999000+00:00,True
tYLZDciCDLMSVYO9WNB/Xl1zBdU=,wzxbYq72,0l4/WWZIGn8vhLZDMKbkPhBzq2Q=,jump,field,8e10163e-31fc-4c61-8ee4-c3f36d252472,,,,,2023-05-09 15:56:45.100000+00:00,2021-11-08 18:00:33.616000+00:00,9999-12-31 23:59:59.999000+00:00,True
Xrda0WlYeJLl1ISZ5eoG4n+craQ=,wzxbYq72,XSrHZFHUyqT5/ngzdlAA1/YaWMQ=,add,,,variable,score,constant,1,2023-05-09 15:56:45.102000+00:00,2021-11-08 18:00:33.616000+00:00,9999-12-31 23:59:59.999000+00:00,True
b2cMkCuK6Y8gD/bmwXBBEWFm6i0=,fhmGtCBS,Lj/i6o/oPTN0nWoCfcmpY12jZLI=,jump,field,5e951da8-1341-4cf5-a351-dd3f9c28af53,,,,,2023-05-09 15:57:36.181000+00:00,2021-05-11 04:21:16.159000+00:00,9999-12-31 23:59:59.999000+00:00,True
jFtv+JbnEITGH/Y8yrmSoXCFgSY=,XsezE0qD,1y+zDaHSn2mB5Ccz4nUyK8U7Z1A=,jump,field,f3880b30-f582-49c0-a44d-ffb9c18781a0,,,,,2023-05-09 15:56:18.386000+00:00,2022-06-15 17:07:46.599000+00:00,9999-12-31 23:59:59.999000+00:00,True
YG8tuyiMp8HfTjNG4baRKObz7YE=,xaHb3xw2,mxiWzfCycBRipeHWgCaBPcTyc9A=,jump,field,9f4ae9f0bcab1802,,,,,2023-05-09 15:56:46.690000+00:00,2021-10-20 01:16:14.356000+00:00,9999-12-31 23:59:59.999000+00:00,True
Ih2VP3FGW7wC2Nbjerot74fYm2g=,wzxbYq72,Si3CgagGqEaXmF71UOYpXYjMhjg=,jump,field,a808848e-8dd2-4f8a-865c-f95b4d36c2c8,,,,,2023-05-09 15:56:45.101000+00:00,2021-11-08 18:00:33.616000+00:00,9999-12-31 23:59:59.999000+00:00,True
RWV1cH6IFOffV+UZe7G+HETKo6M=,Wez0q1nI,qwuntNMaVw0JXRT0Qzo/zQHtfkU=,jump,field,037706a9-4def-4828-9782-9ffe786d7a1b,,,,,2023-05-09 15:58:12.284000+00:00,2023-03-30 19:05:43.137000+00:00,9999-12-31 23:59:59.999000+00:00,True
jxkNV4XKpnPyY4Y46LKcKQo/4vU=,xs0tZs,j7b+WeMoU2qd7EX/b1OD8RkHa6o=,jump,thankyou,default_tys,,,,,2023-05-09 15:58:14.012000+00:00,2021-08-30 21:27:09.654000+00:00,9999-12-31 23:59:59.999000+00:00,True
5O9b3m70khh5nDupsL08NZBzzr0=,fvZ2fdz9,1s+51AnscA3EBqScNh5TxCkNq34=,jump,field,df971a3a-e24a-4056-bd6d-293ad03c5e08,,,,,2023-05-09 15:57:52.828000+00:00,2021-06-04 22:32:02.167000+00:00,9999-12-31 23:59:59.999000+00:00,True
Nvt2uT3VRYqzW6NvFnf105Z2KiY=,XsezE0qD,aMGDvWkajLKhonHaxGo0Lu6nFes=,jump,field,bb7b7b79-6ea3-46e0-b1c7-209ee10302be,,,,,2023-05-09 15:56:18.389000+00:00,2022-06-15 17:07:46.599000+00:00,9999-12-31 23:59:59.999000+00:00,True
GJRrn6lhPgpAdUbCz7wNW85PBPc=,MKXagAlh,sbWiGKQeCTaPl4kIhVp42oFD6Xs=,jump,thankyou,928945bd-d92e-400c-837b-86ff1fd81db7,,,,,2023-05-09 15:57:28.734000+00:00,2021-07-22 14:55:18.641000+00:00,9999-12-31 23:59:59.999000+00:00,True
jxkNV4XKpnPyY4Y46LKcKQo/4vU=,kpF10uRx,mdtFzjWXdoHFF+GMZTXlILVw20w=,jump,thankyou,default_tys,,,,,2023-05-09 15:55:40.986000+00:00,2023-01-06 17:34:41.531000+00:00,9999-12-31 23:59:59.999000+00:00,True
l7UK1WZXX0JmxnAeGxz024IQysc=,CBJ5YM86,4N024un5I9yUyIYLJfWuKpPgKJo=,jump,field,01GNZ3ZQK02GBWJ3VBB7ANKBX5,,,,,2023-05-09 15:55:41.474000+00:00,2023-01-06 17:09:18.282000+00:00,9999-12-31 23:59:59.999000+00:00,True
F6tOZhNrfxv3E6wovzPHHcCB+D4=,fVpJAWb6,7Qw7rY/qxocYy/pE+0ZefrpX8EA=,jump,field,73498bf7-37a2-4155-845e-d15c0538298a,,,,,2023-05-09 15:55:47.251000+00:00,2022-11-15 16:44:11.724000+00:00,9999-12-31 23:59:59.999000+00:00,True
3Ob3RX6y8SMncfo0xTkNriM3fEQ=,v5fs4MLL,uwL3cBOIv8lnslAr6UU9g3MKMyA=,jump,thankyou,b6e701b8-76ff-42fb-ac2c-f92f7c9cc1ce,,,,,2023-05-09 15:55:43.795000+00:00,2022-12-09 22:00:17.983000+00:00,9999-12-31 23:59:59.999000+00:00,True
TJL9izUBA5Nh9m7Gp7+bMksbZSQ=,MKXagAlh,eH09fJLvUWzz2WAE/1reXi7xRYY=,jump,thankyou,01F92PRYX52NFYA4BF8SMP0ZHV,,,,,2023-05-09 15:57:28.732000+00:00,2021-07-22 14:55:18.641000+00:00,9999-12-31 23:59:59.999000+00:00,True
dUKL6ggV9rEIx3yBGfKN3Cm3cD4=,yud5HMZ4,psghpBOtd7g1QM4xuuKHsGz3VDg=,jump,field,f91fc949-ec1d-4b9a-8ed0-a87ea487861f,,,,,2023-05-09 15:56:43.480000+00:00,2022-10-23 18:47:45.935000+00:00,9999-12-31 23:59:59.999000+00:00,True
1HZxjhtOWFq2evtXX2dhR6MDirw=,UVdQsqBZ,3msZMy0lC76da2qzKO7vIuCQ22w=,jump,field,887d1ee4-7a93-437b-a8f1-0938cd6b394a,,,,,2023-05-09 15:57:39.665000+00:00,2021-04-08 15:01:30.909000+00:00,9999-12-31 23:59:59.999000+00:00,True
NDg9MMDXw0+X+ZaQgSsG3W0AVvk=,vgBnsZ5t,Kjd3UxUcMUGOCxKuOw9pQc3km3I=,add,,,variable,counter_cd42c560_d66c_4013_8ab3_3ecb835739e1,constant,1,2023-05-09 15:57:40.270000+00:00,2021-04-13 19:03:18.853000+00:00,9999-12-31 23:59:59.999000+00:00,True
arOthM8wuZATNUqcCn0ooAD76QM=,sxgX6rXP,HWXL7oBP1eIJeyqqAqUEtdjeIZw=,jump,thankyou,01GY0TZV3WTQW2YVM9CKR2BKJ2,,,,,2023-05-09 15:55:29.406000+00:00,2023-04-27 22:28:19.957000+00:00,9999-12-31 23:59:59.999000+00:00,True
NDg9MMDXw0+X+ZaQgSsG3W0AVvk=,vgBnsZ5t,GZSR2T4p1N9qppUHfr/a8U3WbVs=,add,,,variable,counter_cd42c560_d66c_4013_8ab3_3ecb835739e1,constant,1,2023-05-09 15:57:40.273000+00:00,2021-04-13 19:03:18.853000+00:00,9999-12-31 23:59:59.999000+00:00,True
IhdQC4oxwWd4sg3mU7GEe0/ib1k=,kpF10uRx,SHL3AfFgywqf1sgG6aO+D63cDv4=,jump,field,32f48adf-bd0d-43aa-aa1e-060aa99ee5dd,,,,,2023-05-09 15:55:40.985000+00:00,2023-01-06 17:34:41.531000+00:00,9999-12-31 23:59:59.999000+00:00,True
ZNNxkcSO8xukR2Eqf+C3oBLL6gw=,UKxdVnQv,eg6otJEFcjeeOaqHWnypyGiANPo=,jump,field,9e309c4a-c299-418c-875c-842d541f7491,,,,,2023-05-09 15:55:59.803000+00:00,2022-07-12 19:11:56.721000+00:00,9999-12-31 23:59:59.999000+00:00,True
NDg9MMDXw0+X+ZaQgSsG3W0AVvk=,vgBnsZ5t,OlF37dCEYUsifJBPp1SNN8RgG3A=,add,,,variable,counter_cd42c560_d66c_4013_8ab3_3ecb835739e1,constant,1,2023-05-09 15:57:40.263000+00:00,2021-04-13 19:03:18.853000+00:00,9999-12-31 23:59:59.999000+00:00,True
PXoYpRsYMvp4yBvekEvClO7exBY=,v5fs4MLL,P6pLRUCIMZjLjrczSQYRlAUFE78=,jump,field,d08bae21-8441-4544-add0-e3fe4f127523,,,,,2023-05-09 15:55:43.809000+00:00,2022-12-09 22:00:17.983000+00:00,9999-12-31 23:59:59.999000+00:00,True
ZNNxkcSO8xukR2Eqf+C3oBLL6gw=,UKxdVnQv,f5iUWcwc1X0NovU2TZ6VMopQ3XQ=,jump,field,9e309c4a-c299-418c-875c-842d541f7491,,,,,2023-05-09 15:55:59.808000+00:00,2022-07-12 19:11:56.721000+00:00,9999-12-31 23:59:59.999000+00:00,True
PCdILn+SzYKoYtloWPpYqAJgdlM=,XsezE0qD,k5mL+Ah1YwFUooXxuAlTgVuoHoM=,jump,field,e5a87a24-3295-40b6-a804-459fbf311221,,,,,2023-05-09 15:56:18.384000+00:00,2022-06-15 17:07:46.599000+00:00,9999-12-31 23:59:59.999000+00:00,True
X+iUKegO21+KzenDlW6+OZE+HmQ=,xs0tZs,XgMiCA0wP40FKDPjD9/Z3zdT0ds=,jump,field,9d264dec-a4fe-4b4a-846f-14b748f1cd33,,,,,2023-05-09 15:58:14.011000+00:00,2021-08-30 21:27:09.654000+00:00,9999-12-31 23:59:59.999000+00:00,True
9WLDUxFFhoRwhX6dGQUgSkPDL6E=,vgBnsZ5t,g1ppNpygebiClFM1rer5CrL/Xtc=,add,,,variable,counter_418842ee_1bc8_40cc_a4ae_cd7605c5228a,constant,1,2023-05-09 15:57:40.274000+00:00,2021-04-13 19:03:18.853000+00:00,9999-12-31 23:59:59.999000+00:00,True
oBBznpDacmOzBLR9jAQSKZ2lutI=,v5fs4MLL,uwL3cBOIv8lnslAr6UU9g3MKMyA=,jump,thankyou,b15c5c19-5cd2-418c-aee6-0319ac8f819b,,,,,2023-05-09 15:55:43.797000+00:00,2022-12-09 22:00:17.983000+00:00,9999-12-31 23:59:59.999000+00:00,True
KFvMjrCIKNi1FT3ZsQVYidpK5Iw=,sxgX6rXP,vDqPpU1GntRxBh8NOqxHHU7oZZ0=,jump,thankyou,f1f786a3-7ed5-42bd-a928-e8319d9ece38,,,,,2023-05-09 15:55:29.407000+00:00,2023-04-27 22:28:19.957000+00:00,9999-12-31 23:59:59.999000+00:00,True
9WLDUxFFhoRwhX6dGQUgSkPDL6E=,vgBnsZ5t,TMWr1AaIEQNhf3OKJYRkt2JdyRU=,add,,,variable,counter_418842ee_1bc8_40cc_a4ae_cd7605c5228a,constant,1,2023-05-09 15:57:40.264000+00:00,2021-04-13 19:03:18.853000+00:00,9999-12-31 23:59:59.999000+00:00,True
hqYYdKWC0N4/UFuHffOPAN9FC44=,vgBnsZ5t,q+Xv7O7uxQjbscirePkxnpxUXhw=,jump,field,3eabc27c-d399-494e-8a45-07c6842dc642,,,,,2023-05-09 15:57:40.261000+00:00,2021-04-13 19:03:18.853000+00:00,9999-12-31 23:59:59.999000+00:00,True
dV5xHxJh3eD5bf2PM1g+muJL4LM=,CBJ5YM86,SlRESWarojHFelOnWUhMYVC58Ts=,jump,field,3ed7e033-06ed-4a22-9c9a-6becc33cc43e,,,,,2023-05-09 15:55:41.467000+00:00,2023-01-06 17:09:18.282000+00:00,9999-12-31 23:59:59.999000+00:00,True
tLVa6QYN8MxrGMjGtkFL5c1KTwU=,Wez0q1nI,qwuntNMaVw0JXRT0Qzo/zQHtfkU=,jump,field,722343ec-9e36-4288-ada7-a48b842596a4,,,,,2023-05-09 15:58:12.285000+00:00,2023-03-30 19:05:43.137000+00:00,9999-12-31 23:59:59.999000+00:00,True
IhdQC4oxwWd4sg3mU7GEe0/ib1k=,qd1BXBHF,SHL3AfFgywqf1sgG6aO+D63cDv4=,jump,field,32f48adf-bd0d-43aa-aa1e-060aa99ee5dd,,,,,2023-05-09 15:55:43.385000+00:00,2023-01-05 17:17:58.643000+00:00,9999-12-31 23:59:59.999000+00:00,True
ZcIPlAWa3sa2SouPhufZu1oswn4=,XsezE0qD,k5mL+Ah1YwFUooXxuAlTgVuoHoM=,jump,field,3b9233fe-b168-4d81-bd7f-f71c6f2bc6fc,,,,,2023-05-09 15:56:18.384000+00:00,2022-06-15 17:07:46.599000+00:00,9999-12-31 23:59:59.999000+00:00,True
5ItHefQxgQalUl6rIoKiRYtGoxE=,v5fs4MLL,O4x+CjL/0o7df0W5WKXdddWl3vM=,jump,thankyou,46c9688e-8b43-4e93-937b-157f09b1cc37,,,,,2023-05-09 15:55:43.791000+00:00,2022-12-09 22:00:17.983000+00:00,9999-12-31 23:59:59.999000+00:00,True
uybWzuOraEsG4TnZMqeFQksGQqw=,rqXardP6,iUF1NssF/aB2vM3VlBoPGBfT7R4=,jump,field,16a0e9b8-aed7-46da-bd28-46d4639a5907,,,,,2023-05-09 15:56:44.538000+00:00,2021-10-22 15:22:47.443000+00:00,9999-12-31 23:59:59.999000+00:00,True
cg45e6cmdzlGlXX9C9qa91+JsvE=,v5fs4MLL,uwL3cBOIv8lnslAr6UU9g3MKMyA=,jump,thankyou,60bc5cd6-57e8-49f2-93b9-e3a6903f7a94,,,,,2023-05-09 15:55:43.800000+00:00,2022-12-09 22:00:17.983000+00:00,9999-12-31 23:59:59.999000+00:00,True
kEUIqrxjoBt6lDvilick0pn1HxU=,UKxdVnQv,eg6otJEFcjeeOaqHWnypyGiANPo=,jump,field,84bc2b14-058c-4296-ae34-4666f13bee3b,,,,,2023-05-09 15:55:59.802000+00:00,2022-07-12 19:11:56.721000+00:00,9999-12-31 23:59:59.999000+00:00,True
kEUIqrxjoBt6lDvilick0pn1HxU=,UKxdVnQv,f5iUWcwc1X0NovU2TZ6VMopQ3XQ=,jump,field,84bc2b14-058c-4296-ae34-4666f13bee3b,,,,,2023-05-09 15:55:59.806000+00:00,2022-07-12 19:11:56.721000+00:00,9999-12-31 23:59:59.999000+00:00,True
RJoFqCir/6t5No5kONeQVDir8RQ=,MKXagAlh,83RCrK8qYOa3ixmJ5/reKwQ3jwI=,jump,field,b572022e-923e-48a3-8034-d12b21db0e97,,,,,2023-05-09 15:57:28.734000+00:00,2021-07-22 14:55:18.641000+00:00,9999-12-31 23:59:59.999000+00:00,True
IGSfEIHAL7+pwFgpl7zIxOs8lCE=,vgBnsZ5t,n+XBezLYPFQ93/DMmbGmGuZx8dY=,set,,,variable,winning_outcome_id,evaluation,,2023-05-09 15:57:40.258000+00:00,2021-04-13 19:03:18.853000+00:00,9999-12-31 23:59:59.999000+00:00,True
NDg9MMDXw0+X+ZaQgSsG3W0AVvk=,vgBnsZ5t,g1ppNpygebiClFM1rer5CrL/Xtc=,add,,,variable,counter_cd42c560_d66c_4013_8ab3_3ecb835739e1,constant,1,2023-05-09 15:57:40.275000+00:00,2021-04-13 19:03:18.853000+00:00,9999-12-31 23:59:59.999000+00:00,True
NDg9MMDXw0+X+ZaQgSsG3W0AVvk=,vgBnsZ5t,TMWr1AaIEQNhf3OKJYRkt2JdyRU=,add,,,variable,counter_cd42c560_d66c_4013_8ab3_3ecb835739e1,constant,1,2023-05-09 15:57:40.266000+00:00,2021-04-13 19:03:18.853000+00:00,9999-12-31 23:59:59.999000+00:00,True
R/BdSPbVnKf7wRqKFnHBCH4Furs=,v5fs4MLL,uwL3cBOIv8lnslAr6UU9g3MKMyA=,jump,thankyou,41b45b62-6df3-49c2-8a95-ed529fc82e4c,,,,,2023-05-09 15:55:43.798000+00:00,2022-12-09 22:00:17.983000+00:00,9999-12-31 23:59:59.999000+00:00,True
dUKL6ggV9rEIx3yBGfKN3Cm3cD4=,F8jt6tYB,psghpBOtd7g1QM4xuuKHsGz3VDg=,jump,field,f91fc949-ec1d-4b9a-8ed0-a87ea487861f,,,,,2023-05-09 15:57:59.400000+00:00,2021-09-29 16:48:40.646000+00:00,9999-12-31 23:59:59.999000+00:00,True
jEbg0eqOBGUYfikfiX9/wCTqlZg=,wzxbYq72,cBUNdGtjjNgug4F2riN0Gg8dYIY=,jump,field,1c99080a-a779-44f5-92c7-db83fab06940,,,,,2023-05-09 15:56:45.096000+00:00,2021-11-08 18:00:33.616000+00:00,9999-12-31 23:59:59.999000+00:00,True
9WLDUxFFhoRwhX6dGQUgSkPDL6E=,vgBnsZ5t,Kjd3UxUcMUGOCxKuOw9pQc3km3I=,add,,,variable,counter_418842ee_1bc8_40cc_a4ae_cd7605c5228a,constant,1,2023-05-09 15:57:40.268000+00:00,2021-04-13 19:03:18.853000+00:00,9999-12-31 23:59:59.999000+00:00,True
9WLDUxFFhoRwhX6dGQUgSkPDL6E=,vgBnsZ5t,GZSR2T4p1N9qppUHfr/a8U3WbVs=,add,,,variable,counter_418842ee_1bc8_40cc_a4ae_cd7605c5228a,constant,1,2023-05-09 15:57:40.270000+00:00,2021-04-13 19:03:18.853000+00:00,9999-12-31 23:59:59.999000+00:00,True
lhMBHc948L7xcRfMa5BGfsLkLDs=,XsezE0qD,aMGDvWkajLKhonHaxGo0Lu6nFes=,jump,field,0adaf180-c06b-46fc-b7fc-e54f44deb71a,,,,,2023-05-09 15:56:18.388000+00:00,2022-06-15 17:07:46.599000+00:00,9999-12-31 23:59:59.999000+00:00,True
9WLDUxFFhoRwhX6dGQUgSkPDL6E=,vgBnsZ5t,OlF37dCEYUsifJBPp1SNN8RgG3A=,add,,,variable,counter_418842ee_1bc8_40cc_a4ae_cd7605c5228a,constant,1,2023-05-09 15:57:40.262000+00:00,2021-04-13 19:03:18.853000+00:00,9999-12-31 23:59:59.999000+00:00,True
/73epdz/keKr4uACGwqZw+LyEwA=,wzxbYq72,Si3CgagGqEaXmF71UOYpXYjMhjg=,jump,thankyou,07cc,,,,,2023-05-09 15:56:45.101000+00:00,2021-11-08 18:00:33.616000+00:00,9999-12-31 23:59:59.999000+00:00,True
j8C4iZrfQlZZSWjDWVq4N3NOgeM=,MKXagAlh,kbHYobGlYpY5tUS/mU5tcjs8qDg=,jump,field,154c9d8a-91d2-44ac-ab2f-8c011b91fc0f,,,,,2023-05-09 15:57:28.734000+00:00,2021-07-22 14:55:18.641000+00:00,9999-12-31 23:59:59.999000+00:00,True
+7tLyQqCmOUAfJKg4E0Sjyq5ACo=,fvZ2fdz9,Dh/JCxH4Du4aAzgwDiuu5XXa5gI=,jump,field,a6548f89-8bc0-4c06-a581-dd36ab1f0dff,,,,,2023-05-09 15:57:52.827000+00:00,2021-06-04 22:32:02.167000+00:00,9999-12-31 23:59:59.999000+00:00,True
IGSfEIHAL7+pwFgpl7zIxOs8lCE=,vgBnsZ5t,G41p6sojY7AivwaO3K3vp2AH6oY=,set,,,variable,winning_outcome_id,evaluation,,2023-05-09 15:57:40.260000+00:00,2021-04-13 19:03:18.853000+00:00,9999-12-31 23:59:59.999000+00:00,True
Frw4OckreTfG2ofdrDXIWFHEzC4=,PNWzUBMi,OlMaVF84HF8jAHeBvg90I9/EBV0=,jump,field,01H4M1ANP1SDPM8SVZPB2HH0N1,,,,,2023-07-07 02:30:09.302000+00:00,2023-07-07 00:48:10.360000+00:00,9999-12-31 23:59:59.999000+00:00,True
P6KW1y1apnLf7O/VOysQuz7qRqI=,CBJ5YM86,SlRESWarojHFelOnWUhMYVC58Ts=,jump,field,916e882b-5e01-4697-b5eb-95a18509b593,,,,,2023-12-01 14:55:41.123000+00:00,2023-11-30 19:03:28.366000+00:00,9999-12-31 23:59:59.999000+00:00,True
LMxejSNR2hrCj5nlxwz1kxxPNxE=,sGqsMGlv,NYFBrWt6KFfJQnqs4kujhAWnT3s=,jump,thankyou,01GSXETA279CKA9WE5VE2P3X0A,,,,,2024-03-22 00:03:21.178000+00:00,2024-03-21 21:11:22.413000+00:00,9999-12-31 23:59:59.999000+00:00,True
aVo9sCHl1kSQtgknYHSliypxc10=,sGqsMGlv,ST4UP2nVrxMXgSs3yz4bhkglf2E=,jump,field,56f068da-be17-42b8-bcca-bc8a6c0eb3f1,,,,,2024-03-22 20:29:40.513000+00:00,2024-03-22 17:52:17.097000+00:00,9999-12-31 23:59:59.999000+00:00,True
LMxejSNR2hrCj5nlxwz1kxxPNxE=,sGqsMGlv,ST4UP2nVrxMXgSs3yz4bhkglf2E=,jump,thankyou,01GSXETA279CKA9WE5VE2P3X0A,,,,,2024-03-22 00:03:21.216000+00:00,2024-03-21 21:11:22.413000+00:00,2024-03-22 17:52:17.096000+00:00,False
3KSzv9xtBw/HdEi68kYdDSHj8+g=,sGqsMGlv,/bqx9ldEwZYH5WAxm9ZXprbd7xI=,jump,field,0561a1a1-749c-417a-b26b-ee69a7340f08,,,,,2024-03-22 00:03:21.148000+00:00,2024-03-21 21:11:22.413000+00:00,2024-03-22 17:52:17.096000+00:00,False
LMxejSNR2hrCj5nlxwz1kxxPNxE=,vQg4oCT0,NYFBrWt6KFfJQnqs4kujhAWnT3s=,jump,thankyou,01GSXETA279CKA9WE5VE2P3X0A,,,,,2024-04-17 00:01:57.781000+00:00,2024-04-16 16:43:33.304000+00:00,9999-12-31 23:59:59.999000+00:00,True
aVo9sCHl1kSQtgknYHSliypxc10=,vQg4oCT0,ST4UP2nVrxMXgSs3yz4bhkglf2E=,jump,field,56f068da-be17-42b8-bcca-bc8a6c0eb3f1,,,,,2024-04-17 00:01:57.773000+00:00,2024-04-16 16:43:33.304000+00:00,2024-04-17 16:51:26.943000+00:00,False
LMxejSNR2hrCj5nlxwz1kxxPNxE=,vQg4oCT0,6D7/+Mu4jSGyAEadL47QSLpTsII=,jump,thankyou,01GSXETA279CKA9WE5VE2P3X0A,,,,,2024-04-23 00:02:19.419000+00:00,2024-04-22 16:53:15.693000+00:00,9999-12-31 23:59:59.999000+00:00,True
LMxejSNR2hrCj5nlxwz1kxxPNxE=,vQg4oCT0,7H3th+M0VDHJdE0W6g4KmJmrChw=,jump,thankyou,01GSXETA279CKA9WE5VE2P3X0A,,,,,2024-04-18 00:02:47.845000+00:00,2024-04-17 16:51:26.944000+00:00,2024-04-22 16:53:15.692000+00:00,False
LMxejSNR2hrCj5nlxwz1kxxPNxE=,vQg4oCT0,ST4UP2nVrxMXgSs3yz4bhkglf2E=,jump,thankyou,01GSXETA279CKA9WE5VE2P3X0A,,,,,2024-04-18 00:02:48.180000+00:00,2024-04-17 16:51:26.944000+00:00,2024-04-22 16:53:15.692000+00:00,False
b2cMkCuK6Y8gD/bmwXBBEWFm6i0=,XlCI6VzX,Lj/i6o/oPTN0nWoCfcmpY12jZLI=,jump,field,5e951da8-1341-4cf5-a351-dd3f9c28af53,,,,,2023-05-09 15:57:55.326000+00:00,2021-05-02 18:07:44.377000+00:00,9999-12-31 23:59:59.999000+00:00,True
ngXc948l+RkoGqeIoYVmWFdmoSo=,wzxbYq72,0l4/WWZIGn8vhLZDMKbkPhBzq2Q=,jump,field,decbc340-1463-4756-9e04-1eb6457d9df4,,,,,2023-05-09 15:56:45.100000+00:00,2021-11-08 18:00:33.616000+00:00,9999-12-31 23:59:59.999000+00:00,True
7M7ucpgqUCu67MmVJPfd01Wx6bo=,XsezE0qD,mtOBjcAFOyS/ksekziB3WQPLeMg=,jump,field,b9b16f79-739c-48bb-8d40-615937a2d40d,,,,,2023-05-09 15:56:18.385000+00:00,2022-06-15 17:07:46.599000+00:00,9999-12-31 23:59:59.999000+00:00,True
ib08qYr6YdzBZpkV46pSZXtDl7g=,PibwM1Mb,hWfPF5TP/nImwbG2x2117wD+7h4=,jump,thankyou,01F63RZTBTV89JJ191ZA78Q4EX,,,,,2023-05-09 15:57:35.814000+00:00,2021-05-20 02:50:50.154000+00:00,9999-12-31 23:59:59.999000+00:00,True
Xrda0WlYeJLl1ISZ5eoG4n+craQ=,wzxbYq72,yMcLa8d9n9437UjoUShf1g43JZY=,add,,,variable,score,constant,1,2023-05-09 15:56:45.103000+00:00,2021-11-08 18:00:33.616000+00:00,9999-12-31 23:59:59.999000+00:00,True
84eftV723qyDFGla5gkeN47En4M=,Xq3iQG7A,3gKSBi1fqWwH23g8xI3NR1/jLtA=,add,,,variable,price,constant,25,2023-05-09 15:55:44.737000+00:00,2022-11-15 16:44:37.062000+00:00,9999-12-31 23:59:59.999000+00:00,True
MvYKy4ULVHF2QKJJy9MUWY4uMFc=,XsezE0qD,1y+zDaHSn2mB5Ccz4nUyK8U7Z1A=,jump,field,c9aa8cf3-5c69-475b-9156-4d88297519f4,,,,,2023-05-09 15:56:18.387000+00:00,2022-06-15 17:07:46.599000+00:00,9999-12-31 23:59:59.999000+00:00,True
Xrda0WlYeJLl1ISZ5eoG4n+craQ=,wzxbYq72,mt+Ci2Hibk3ByrxYlsDCtYwxg5Q=,add,,,variable,score,constant,1,2023-05-09 15:56:45.105000+00:00,2021-11-08 18:00:33.616000+00:00,9999-12-31 23:59:59.999000+00:00,True
Sz/tgnq/PtCGJxsJSy6C5rtzQjM=,wzxbYq72,zuBDMZLInxjHOVhiy1PlVGRrqNE=,jump,field,9790c4c0-c4c0-4f12-8dbe-eebcada75e80,,,,,2023-05-09 15:56:45.107000+00:00,2021-11-08 18:00:33.616000+00:00,9999-12-31 23:59:59.999000+00:00,True
7cgxMnhVgHHmAne7fvplHuzSaLo=,kpF10uRx,SHL3AfFgywqf1sgG6aO+D63cDv4=,jump,field,0f1491e5-00b2-4a30-8c8b-739df259cce5,,,,,2023-05-09 15:55:40.984000+00:00,2023-01-06 17:34:41.531000+00:00,9999-12-31 23:59:59.999000+00:00,True
l7UK1WZXX0JmxnAeGxz024IQysc=,CBJ5YM86,NHOum4Na+OssrFAKR2jZxArfQlE=,jump,field,01GNZ3ZQK02GBWJ3VBB7ANKBX5,,,,,2023-05-09 15:55:41.472000+00:00,2023-01-06 17:09:18.282000+00:00,9999-12-31 23:59:59.999000+00:00,True
Z0FlNPQe5bzbVx5kR9rJcbI8kKE=,wzxbYq72,m8ezgYuKHYowSmcWSeu0sbWySMQ=,jump,field,2c1b32b6-e361-475e-b48d-630dbb8d6b1b,,,,,2023-05-09 15:56:45.095000+00:00,2021-11-08 18:00:33.616000+00:00,9999-12-31 23:59:59.999000+00:00,True
4gRvMtiZOLFZnvaWhLslxf0Tbgk=,UKxdVnQv,eg6otJEFcjeeOaqHWnypyGiANPo=,jump,field,5b5c66f8-2637-4576-8c7e-e30871a595c3,,,,,2023-05-09 15:55:59.804000+00:00,2022-07-12 19:11:56.721000+00:00,9999-12-31 23:59:59.999000+00:00,True
LhcmWM8vEA5fZO5hTm7ODOMwEB8=,kpF10uRx,dlhuEwFBlB6JDZG7+xkm4yyjXXE=,jump,field,193900e2-4607-4e29-8fd8-45bc213868c5,,,,,2023-05-09 15:55:40.982000+00:00,2023-01-06 17:34:41.531000+00:00,9999-12-31 23:59:59.999000+00:00,True
/CltfXaER0eeTQukaGngpGCAjnw=,fVpJAWb6,7Qw7rY/qxocYy/pE+0ZefrpX8EA=,jump,field,6ef36c9b-a493-494e-8f8e-9a5a7b488187,,,,,2023-05-09 15:55:47.252000+00:00,2022-11-15 16:44:11.724000+00:00,9999-12-31 23:59:59.999000+00:00,True
/yR90Yj3ZkneE2fOA90UgPxJ2NQ=,CBJ5YM86,SlRESWarojHFelOnWUhMYVC58Ts=,jump,field,0d89e9e1-6a83-478b-8c8a-586592329002,,,,,2023-05-09 15:55:41.468000+00:00,2023-01-06 17:09:18.282000+00:00,9999-12-31 23:59:59.999000+00:00,True
7UIVEc2P922fTd1AIS7L6MJ9J0g=,e7hRQtSH,KP+QmgKNYV/cW0ju3Pzq1dDFo90=,jump,field,6e765dc1-c09a-435d-813b-8eb304a04f5a,,,,,2023-06-01 02:30:46.135000+00:00,2023-05-31 22:39:31.448000+00:00,9999-12-31 23:59:59.999000+00:00,True
jxkNV4XKpnPyY4Y46LKcKQo/4vU=,IVjxs9Xn,MQdr6kYnY2va1D8pBRHMdUat7+I=,jump,thankyou,default_tys,,,,,2023-06-02 02:30:19.958000+00:00,2023-06-01 21:37:50.029000+00:00,9999-12-31 23:59:59.999000+00:00,True
au17ZaUZOqiAt2ISKEJCRVXXf/Y=,IVjxs9Xn,MQdr6kYnY2va1D8pBRHMdUat7+I=,jump,field,d558b701-3b1f-4227-8a8a-ef4fbe769ff5,,,,,2023-06-02 02:30:19.949000+00:00,2023-06-01 21:37:50.029000+00:00,9999-12-31 23:59:59.999000+00:00,True
lExWratz8td5kUv7KxUGbJGDVq8=,QCwykDBd,KP+QmgKNYV/cW0ju3Pzq1dDFo90=,jump,field,77967f8c-6be7-40a3-ac2e-062a713d4de1,,,,,2023-06-20 20:30:21.746000+00:00,2023-06-20 17:00:22.740000+00:00,2023-07-05 14:50:10.967000+00:00,False
7UIVEc2P922fTd1AIS7L6MJ9J0g=,QCwykDBd,KP+QmgKNYV/cW0ju3Pzq1dDFo90=,jump,field,6e765dc1-c09a-435d-813b-8eb304a04f5a,,,,,2023-06-20 20:30:21.761000+00:00,2023-06-20 17:00:22.740000+00:00,2023-07-05 14:50:10.967000+00:00,False
lLmSlSNFrlMPPtr6jBqaVFpL0cQ=,PNWzUBMi,OlMaVF84HF8jAHeBvg90I9/EBV0=,jump,field,4ad53e00-004b-42fd-aba1-8ddb8a07fd53,,,,,2023-07-07 02:30:09.296000+00:00,2023-07-07 00:48:10.360000+00:00,9999-12-31 23:59:59.999000+00:00,True
l7UK1WZXX0JmxnAeGxz024IQysc=,CBJ5YM86,2D5bGIzLjOr9Gz5ye+KM1zpjuVU=,jump,field,01GNZ3ZQK02GBWJ3VBB7ANKBX5,,,,,2023-09-16 02:29:42.399000+00:00,2023-09-15 21:18:07.585000+00:00,9999-12-31 23:59:59.999000+00:00,True
wYNzkPMPwzIj18L63ze5wyEG0vs=,CBJ5YM86,SlRESWarojHFelOnWUhMYVC58Ts=,jump,field,c624444f-a78d-49fc-83ae-5b4118108236,,,,,2023-09-16 02:29:42.410000+00:00,2023-09-15 21:18:07.585000+00:00,9999-12-31 23:59:59.999000+00:00,True
l7UK1WZXX0JmxnAeGxz024IQysc=,CBJ5YM86,f9D+DeJVWbe1ZB5WFrd1nVBK71I=,jump,field,01GNZ3ZQK02GBWJ3VBB7ANKBX5,,,,,2023-12-01 14:55:41.103000+00:00,2023-11-30 19:03:28.366000+00:00,9999-12-31 23:59:59.999000+00:00,True
l7UK1WZXX0JmxnAeGxz024IQysc=,CBJ5YM86,FEhJiPBOwnpQgzMSsBwPU3W4NPw=,jump,field,01GNZ3ZQK02GBWJ3VBB7ANKBX5,,,,,2023-12-01 14:55:41.111000+00:00,2023-11-30 19:03:28.366000+00:00,9999-12-31 23:59:59.999000+00:00,True
l7UK1WZXX0JmxnAeGxz024IQysc=,CBJ5YM86,xSavlkylpSgf8iV1gov7LvuYXEs=,jump,field,01GNZ3ZQK02GBWJ3VBB7ANKBX5,,,,,2023-12-01 14:55:41.108000+00:00,2023-11-30 19:03:28.366000+00:00,9999-12-31 23:59:59.999000+00:00,True
noIEbYLyckVFkKeh99yfUBL+3ek=,fiht8i17,/9l0SFw3ZJlhxPt4N2e3pBQpEV4=,jump,field,3ae4f118-7149-46b7-af21-2dabe5a6330e,,,,,2024-01-29 20:29:29.752000+00:00,2024-01-29 19:43:26.436000+00:00,9999-12-31 23:59:59.999000+00:00,True
itsUqhNJ3jPEhttluGKeM237wHs=,sGqsMGlv,/bqx9ldEwZYH5WAxm9ZXprbd7xI=,jump,field,12c373eb-a30c-4dbb-a85f-333d0aa133f2,,,,,2024-03-22 00:03:21.138000+00:00,2024-03-21 21:11:22.413000+00:00,9999-12-31 23:59:59.999000+00:00,True
itsUqhNJ3jPEhttluGKeM237wHs=,vQg4oCT0,/bqx9ldEwZYH5WAxm9ZXprbd7xI=,jump,field,12c373eb-a30c-4dbb-a85f-333d0aa133f2,,,,,2024-04-17 00:01:57.760000+00:00,2024-04-16 16:43:33.304000+00:00,2024-04-17 16:51:26.943000+00:00,False
